timestamp,turbine_id,wind_speed,vibration,gearbox_temperature,yaw_position,rotor_speed,power_output,data_source,is_anomaly,hour,day_of_week,month
2025-09-15 02:01:41.562105,WT003,0.6865062942849157,0.25701403849703974,0.5550066200635526,1.0,0.3827351669914367,0.9999999999999999,mock,0,2,0,9
2025-09-15 03:01:41.562105,WT004,0.6745291972733098,0.2430161852767293,0.47048657830662366,1.0,0.4906657211788217,0.9999999999999999,mock,0,3,0,9
2025-09-15 04:01:41.562105,WT002,0.7954379191563136,0.40536580396302746,0.6054299419816824,1.0,0.5792863349253883,0.9999999999999999,mock,0,4,0,9
2025-09-15 05:01:41.562105,WT003,0.9104039453348495,0.47817599946269396,0.7078504461239743,1.0,0.7201211526182636,0.9999999999999999,mock,1,5,0,9
2025-09-15 06:01:41.562105,WT003,0.7395531362559705,0.25890608287884154,0.7742947745167017,1.0,0.52104341243817,0.9999999999999999,mock,1,6,0,9
2025-09-15 07:01:41.562105,WT004,0.7308502567393834,0.6004613454032514,0.589155976711436,1.0,0.34401417750100216,0.9999999999999999,mock,1,7,0,9
2025-09-15 08:01:41.562105,WT001,0.8906244539537916,0.321611322113585,0.612357551782043,1.0,0.7798169780540876,0.9999999999999999,mock,0,8,0,9
2025-09-15 09:01:41.562105,WT004,0.767076814503416,0.36461914548273777,0.5298327718219187,1.0,0.5918100446432115,0.9999999999999999,mock,0,9,0,9
2025-09-15 10:01:41.562105,WT001,0.58777763931163,0.35114802205423257,0.67365405547261,0.0,0.26095141042631864,0.9999999999999999,mock,0,10,0,9
2025-09-15 11:01:41.562105,WT003,0.629579128544576,0.47087936441145706,0.5424066117262227,0.0,0.4511615593190539,0.9999999999999999,mock,0,11,0,9
2025-09-15 12:01:41.562105,WT001,0.4606669930965661,0.30286907679964314,0.7707763253271547,0.0,0.01204209586963334,0.9999999999999999,mock,1,12,0,9
2025-09-15 13:01:41.562105,WT003,0.39431306259987076,0.32294162626655476,0.3918094156189289,0.043478260869565216,0.12383128041676872,0.9999999999999999,mock,0,13,0,9
2025-09-15 14:01:41.562105,WT003,0.405015739308087,0.1745516402300457,0.620931020026906,0.08695652173913043,0.04977578991494558,0.9999999999999999,mock,0,14,0,9
2025-09-15 15:01:41.562105,WT002,0.1318779209772652,0.22736814273021128,0.7270768733184187,0.043478260869565216,0.0,0.9999999999999999,mock,1,15,0,9
2025-09-15 16:01:41.562105,WT001,0.11052827107129048,0.01557297866682622,0.7082372690099157,0.08695652173913043,0.0,0.9999999999999999,mock,1,16,0,9
2025-09-15 17:01:41.562105,WT001,0.20380958892740225,0.3276790971556547,1.0,0.08695652173913043,0.0,0.9999999999999999,mock,1,17,0,9
2025-09-15 18:01:41.562105,WT001,0.1490668508664693,0.12089341955558203,0.7348992391723406,0.08695652173913043,0.0,0.9999999999999999,mock,1,18,0,9
2025-09-15 19:01:41.562105,WT004,0.29337710547099016,0.29322206009677154,0.5174056653454269,0.08695652173913043,0.0,0.9999999999999999,mock,0,19,0,9
2025-09-15 20:01:41.562105,WT002,0.1940014428518646,0.11450169480117817,0.6633685768629256,0.08695652173913043,0.0,0.9999999999999999,mock,0,20,0,9
2025-09-15 21:01:41.562105,WT002,0.18306952417030603,0.1646463091492565,0.3933548715436821,0.13043478260869565,0.0,0.9999999999999999,mock,0,21,0,9
2025-09-15 22:01:41.562105,WT002,0.5300564711352844,0.2664198141703048,0.6657565236164884,0.17391304347826086,0.16077833194627167,0.9999999999999999,mock,0,22,0,9
2025-09-15 23:01:41.562105,WT004,0.4188323781622245,0.2942644267784875,0.5448761802449709,0.17391304347826086,0.13821809977960142,0.9999999999999999,mock,0,23,0,9
2025-09-16 00:01:41.562105,WT001,0.5149209737750896,0.17641023063196687,0.8257599882251903,0.17391304347826086,0.3499053323097596,0.9999999999999999,mock,1,0,1,9
2025-09-16 01:01:41.562105,WT001,0.42855242659485304,0.1391987107561498,0.5904223266158639,0.21739130434782608,0.03252174192184132,0.9999999999999999,mock,0,1,1,9
2025-09-16 02:01:41.562105,WT001,0.5801232331401769,0.22750832668957371,0.6599465136796878,0.17391304347826086,0.350168978608135,0.9999999999999999,mock,0,2,1,9
2025-09-16 03:01:41.562105,WT002,0.6999920190539265,0.26116703216730475,0.5766038059849903,0.17391304347826086,0.35401598232301046,0.9999999999999999,mock,0,3,1,9
2025-09-16 04:01:41.562105,WT002,0.6116420461647166,0.4645577446515795,0.9580470813577189,0.17391304347826086,0.40226632466966006,0.9999999999999999,mock,1,4,1,9
2025-09-16 05:01:41.562105,WT003,0.7931654099828657,0.30751697980373927,0.6270977866167828,0.17391304347826086,0.6124402159577842,0.9999999999999999,mock,0,5,1,9
2025-09-16 06:01:41.562105,WT004,0.702104335345774,0.7123182911295804,0.9731006812327254,0.17391304347826086,0.5065511466935193,0.9999999999999999,mock,1,6,1,9
2025-09-16 07:01:41.562105,WT004,0.7249688945486545,0.30115016351386925,0.8094962581693945,0.17391304347826086,0.43665288871574104,0.9999999999999999,mock,1,7,1,9
2025-09-16 08:01:41.562105,WT002,0.667770183771278,0.25182149531474507,0.7561475751666755,0.17391304347826086,0.2610208047492262,0.9999999999999999,mock,1,8,1,9
2025-09-16 09:01:41.562105,WT003,0.8779300598965888,0.5075672282842074,0.7379408009954473,0.17391304347826086,0.7623355484146697,0.9999999999999999,mock,1,9,1,9
2025-09-16 10:01:41.562105,WT001,0.6343710421609532,0.3494089311857165,0.7419672981301435,0.17391304347826086,0.1759875210360704,0.9999999999999999,mock,1,10,1,9
2025-09-16 11:01:41.562105,WT002,0.46605762695010267,0.23366101009266593,0.3690285998254135,0.17391304347826086,0.09425096807088873,0.9999999999999999,mock,0,11,1,9
2025-09-16 12:01:41.562105,WT004,0.5920713238369628,0.2990561786967403,0.633902720505922,0.17391304347826086,0.39123917792687224,0.9999999999999999,mock,0,12,1,9
2025-09-16 13:01:41.562105,WT004,0.3171527814143815,0.24815364479907076,0.8144773330307249,0.21739130434782608,0.0,0.9999999999999999,mock,1,13,1,9
2025-09-16 14:01:41.562105,WT004,0.4016335962929618,0.15350737441937468,0.670849466559706,0.21739130434782608,0.2097626841436082,0.9999999999999999,mock,0,14,1,9
2025-09-16 15:01:41.562105,WT001,0.12713763458869504,0.7229667229295316,0.45296422700898553,0.21739130434782608,0.0,0.9999999999999999,mock,1,15,1,9
2025-09-16 16:01:41.562105,WT004,0.15106776600686844,0.4879292111818724,0.6702860323145416,0.17391304347826086,0.0,0.9999999999999999,mock,0,16,1,9
2025-09-16 17:01:41.562105,WT001,0.28138216765587465,0.20612130865396028,0.952465244253299,0.21739130434782608,0.0,0.9999999999999999,mock,1,17,1,9
2025-09-16 18:01:41.562105,WT001,0.3280208121709136,0.11960161906302513,0.8790149180888926,0.21739130434782608,0.0,0.9999999999999999,mock,1,18,1,9
2025-09-16 19:01:41.562105,WT001,0.2787772049334717,0.2164252508008031,0.6687438856799854,0.17391304347826086,0.0,0.9999999999999999,mock,0,19,1,9
2025-09-16 20:01:41.562105,WT002,0.2749692800140958,0.07980343792334166,0.8315527823556605,0.13043478260869565,0.0,0.9999999999999999,mock,1,20,1,9
2025-09-16 21:01:41.562105,WT001,0.296615977632968,0.08284551172536131,0.6198261901929207,0.13043478260869565,0.0,0.9999999999999999,mock,0,21,1,9
2025-09-16 22:01:41.562105,WT003,0.22921040708104207,0.08991777715815957,0.40498170506964803,0.13043478260869565,0.0,0.9999999999999999,mock,0,22,1,9
2025-09-16 23:01:41.562105,WT004,0.36834672443418326,0.18616230449846433,0.5301913889165122,0.13043478260869565,0.0,0.9999999999999999,mock,0,23,1,9
2025-09-17 00:01:41.562105,WT002,0.4609509534270102,0.40127536997129687,0.9297791044964412,0.13043478260869565,0.09317739161043903,0.9999999999999999,mock,1,0,2,9
2025-09-17 01:01:41.562105,WT004,0.6821589617175907,0.39678806718558,0.6346883377258972,0.17391304347826086,0.2806404337300563,0.9999999999999999,mock,0,1,2,9
2025-09-17 02:01:41.562105,WT001,0.6708624027767796,0.39973812242449835,0.6396056183401804,0.17391304347826086,0.45526995689665717,0.9999999999999999,mock,0,2,2,9
2025-09-17 03:01:41.562105,WT002,0.5085036978481527,0.23335955486540438,0.6305363806266331,0.21739130434782608,0.25028217298565547,0.9999999999999999,mock,0,3,2,9
2025-09-17 04:01:41.562105,WT003,0.762370828703771,0.3177474295664898,0.9845997676535685,0.21739130434782608,0.5706651556606503,0.9999999999999999,mock,1,4,2,9
2025-09-17 05:01:41.562105,WT001,0.7154261152186487,0.3040646744402702,0.9399111758607583,0.17391304347826086,0.45246714868546634,0.9999999999999999,mock,1,5,2,9
2025-09-17 06:01:41.562105,WT004,0.6943094295609799,0.7941986844628824,1.0,0.13043478260869565,0.5062157664408424,0.9999999999999999,mock,1,6,2,9
2025-09-17 07:01:41.562105,WT003,0.8172785269468942,0.29090050677286805,0.6531544440312467,0.13043478260869565,0.6913231558124355,0.9999999999999999,mock,0,7,2,9
2025-09-17 08:01:41.562105,WT001,0.8346060280712736,0.5485049400675781,0.7261960662368407,0.13043478260869565,0.6819952438676407,0.9999999999999999,mock,1,8,2,9
2025-09-17 09:01:41.562105,WT003,0.7838191316833448,0.38205068126053354,0.43505961138663585,0.13043478260869565,0.5048828675948545,0.9999999999999999,mock,0,9,2,9
2025-09-17 10:01:41.562105,WT001,0.5499959423047175,0.2527712796694307,0.9159707407203825,0.08695652173913043,0.2696193845924546,0.9999999999999999,mock,1,10,2,9
2025-09-17 11:01:41.562105,WT002,0.5425419283247355,0.3404455041433495,0.49110363490610265,0.13043478260869565,0.3433378242493652,0.9999999999999999,mock,0,11,2,9
2025-09-17 12:01:41.562105,WT001,0.5418703973638951,0.2608938814185473,0.713529171124113,0.13043478260869565,0.17767765660314772,0.9999999999999999,mock,1,12,2,9
2025-09-17 13:01:41.562105,WT002,0.54158776591271,0.4383641041932712,0.5024256036763664,0.08695652173913043,0.42490025042078994,0.9999999999999999,mock,0,13,2,9
2025-09-17 14:01:41.562105,WT001,0.3313273909615374,0.38563334015700257,0.584104608127745,0.08695652173913043,0.0,0.9999999999999999,mock,0,14,2,9
2025-09-17 15:01:41.562105,WT001,0.308412538411584,0.1530515319354136,0.5442004361065016,0.08695652173913043,0.0,0.9999999999999999,mock,0,15,2,9
2025-09-17 16:01:41.562105,WT004,0.17373731480155208,0.0711975730919534,0.5810509477387646,0.043478260869565216,0.0,0.9999999999999999,mock,0,16,2,9
2025-09-17 17:01:41.562105,WT003,0.13903343285369396,0.13012147740047664,0.5920958850679146,0.08695652173913043,0.0,0.9999999999999999,mock,0,17,2,9
2025-09-17 18:01:41.562105,WT003,0.3355884546088457,0.4031714327720538,0.5906265868467653,0.08695652173913043,0.0,0.9999999999999999,mock,0,18,2,9
2025-09-17 19:01:41.562105,WT003,0.39985170459825614,0.14990780420627153,0.812577825582693,0.08695652173913043,0.0,0.9999999999999999,mock,1,19,2,9
2025-09-17 20:01:41.562105,WT001,0.27942838581840557,0.1957903285335123,0.501211064743325,0.13043478260869565,0.0,0.9999999999999999,mock,0,20,2,9
2025-09-17 21:01:41.562105,WT001,0.4299284843656872,0.2584946753342058,0.714134148234729,0.13043478260869565,0.08386409579984688,0.9999999999999999,mock,1,21,2,9
2025-09-17 22:01:41.562105,WT001,0.4172444382012963,0.2943556690886795,0.8743669695742065,0.13043478260869565,0.14456377354148708,0.9999999999999999,mock,1,22,2,9
2025-09-17 23:01:41.562105,WT002,0.37598234058867175,0.1283142539310732,0.5962608906430531,0.13043478260869565,0.05316734738747775,0.9999999999999999,mock,0,23,2,9
2025-09-18 00:01:41.562105,WT002,0.5449494123810236,0.3371201463259942,0.5633726963203998,0.13043478260869565,0.01898399620112623,0.9999999999999999,mock,0,0,3,9
2025-09-18 01:01:41.562105,WT004,0.731300536116458,0.5556201750067349,0.6416714434713993,0.13043478260869565,0.6927566593082717,0.9999999999999999,mock,1,1,3,9
2025-09-18 02:01:41.562105,WT001,0.6320894027901304,0.23727175876355067,0.8682247760339554,0.17391304347826086,0.3894659373361473,0.9999999999999999,mock,1,2,3,9
2025-09-18 03:01:41.562105,WT003,0.848538518807829,0.3325247362258126,0.7098876208128817,0.17391304347826086,0.6024336285814917,0.9999999999999999,mock,1,3,3,9
2025-09-18 04:01:41.562105,WT003,0.4615596793463359,0.5952188777693016,0.5933663523764037,0.17391304347826086,0.13138285487656431,0.9999999999999999,mock,1,4,3,9
2025-09-18 05:01:41.562105,WT004,0.8387602053804518,0.3195633442627973,0.7564383351942618,0.21739130434782608,0.675914508181515,0.9999999999999999,mock,1,5,3,9
2025-09-18 06:01:41.562105,WT003,0.7723745644060093,0.5122624310061675,0.5016240325564385,0.2608695652173913,0.5029128680401134,0.9999999999999999,mock,1,6,3,9
2025-09-18 07:01:41.562105,WT004,0.7242215642623689,0.33471881539800774,0.7881634939739963,0.2608695652173913,0.5130936353947229,0.9999999999999999,mock,1,7,3,9
2025-09-18 08:01:41.562105,WT001,0.7386312008511012,0.29049055662748224,0.7443464914648468,0.2608695652173913,0.45981387272772145,0.9999999999999999,mock,1,8,3,9
2025-09-18 09:01:41.562105,WT003,0.48556053353926754,0.4134586591387508,0.6292559746383226,0.2608695652173913,0.1143187396275076,0.9999999999999999,mock,0,9,3,9
2025-09-18 10:01:41.562105,WT001,0.613303366074055,0.279438084415357,0.5439878402337817,0.21739130434782608,0.2722286956234161,0.9999999999999999,mock,0,10,3,9
2025-09-18 11:01:41.562105,WT002,0.610629432136406,0.29535865218826773,0.5362614712415956,0.17391304347826086,0.19978797624038935,0.9999999999999999,mock,0,11,3,9
2025-09-18 12:01:41.562105,WT003,0.6590372790260621,0.2793079145308516,0.7646218369476765,0.21739130434782608,0.41450932738368906,0.9999999999999999,mock,1,12,3,9
2025-09-18 13:01:41.562105,WT002,0.3889442870423643,0.2295751474295185,0.8761375236661308,0.21739130434782608,0.06624027131677757,0.9999999999999999,mock,1,13,3,9
2025-09-18 14:01:41.562105,WT003,0.2976763418575008,0.1019658281031603,0.5763226877451957,0.21739130434782608,0.0,0.9999999999999999,mock,0,14,3,9
2025-09-18 15:01:41.562105,WT001,0.27611248958180123,0.1336733104732714,0.7523434348109683,0.21739130434782608,0.0,0.9999999999999999,mock,1,15,3,9
2025-09-18 16:01:41.562105,WT004,0.380325755595571,0.5544515207595246,0.343428682411107,0.2608695652173913,0.029856468093677035,0.9999999999999999,mock,1,16,3,9
2025-09-18 17:01:41.562105,WT001,0.2948591541021647,0.1160710157313804,0.5847872154606768,0.2608695652173913,0.0,0.9999999999999999,mock,0,17,3,9
2025-09-18 18:01:41.562105,WT001,0.19842879206836833,0.17551858333938503,0.6737151397369856,0.2608695652173913,0.0,0.9999999999999999,mock,0,18,3,9
2025-09-18 19:01:41.562105,WT001,0.31371370236151974,0.13557662971771361,0.5325661743465164,0.2608695652173913,0.0,0.9999999999999999,mock,0,19,3,9
2025-09-18 20:01:41.562105,WT003,0.2967063783120153,0.2672735314631599,0.5282571290014979,0.2608695652173913,0.0,0.9999999999999999,mock,0,20,3,9
2025-09-18 21:01:41.562105,WT004,0.42636351124754535,0.14822475189809975,0.5714274629320646,0.2608695652173913,0.0,0.9999999999999999,mock,0,21,3,9
2025-09-18 22:01:41.562105,WT002,0.30855281975617976,0.5276489885564677,0.7256447619633852,0.2608695652173913,0.0,0.9999999999999999,mock,1,22,3,9
2025-09-18 23:01:41.562105,WT001,0.4084213122657604,0.20001224949767032,0.6486107165235451,0.2608695652173913,0.1271201488085676,0.9999999999999999,mock,0,23,3,9
2025-09-19 00:01:41.562105,WT003,0.46795366092133606,0.1811051443025547,0.3191380794780323,0.2608695652173913,0.17092670267773125,0.9999999999999999,mock,0,0,4,9
2025-09-19 01:01:41.562105,WT002,0.4245910980263382,0.139412093981147,0.3380191723005146,0.2608695652173913,0.16225598591321044,0.9999999999999999,mock,0,1,4,9
2025-09-19 02:01:41.562105,WT001,0.6660088833037298,0.24921942648330686,0.5812132151776854,0.2608695652173913,0.3303333781258222,0.9999999999999999,mock,0,2,4,9
2025-09-19 03:01:41.562105,WT002,0.715333121965335,0.3382502680955901,0.752230962574794,0.30434782608695654,0.5141507056442622,0.9999999999999999,mock,1,3,4,9
2025-09-19 04:01:41.562105,WT001,0.7297772629236129,0.30308062979684447,0.23732446698776033,0.2608695652173913,0.4913962271507719,0.9999999999999999,mock,0,4,4,9
2025-09-19 05:01:41.562105,WT002,0.7308042560767335,0.47528123777444176,0.5984242022618274,0.2608695652173913,0.5822054768046514,0.9999999999999999,mock,0,5,4,9
2025-09-19 06:01:41.562105,WT002,0.6188520544210684,0.27838738693855714,0.594164199022817,0.21739130434782608,0.332692704696286,0.9999999999999999,mock,0,6,4,9
2025-09-19 07:01:41.562105,WT004,0.7117921543545418,0.28008002136628496,0.9017378967515626,0.21739130434782608,0.44164364028252545,0.9999999999999999,mock,1,7,4,9
2025-09-19 08:01:41.562105,WT004,0.6942349370018658,0.35861147986496034,0.6168518323301475,0.21739130434782608,0.5014645620215852,0.9999999999999999,mock,0,8,4,9
2025-09-19 09:01:41.562105,WT001,0.6066779399069769,0.3576638357708575,0.7402309678863972,0.21739130434782608,0.40628301628788366,0.9999999999999999,mock,1,9,4,9
2025-09-19 10:01:41.562105,WT003,0.6192694776662427,0.23023989113113263,0.7013973132457667,0.17391304347826086,0.2824618643308141,0.9999999999999999,mock,1,10,4,9
2025-09-19 11:01:41.562105,WT004,0.6154257566506167,0.2288010726837424,0.3364341699499829,0.17391304347826086,0.3327385900612323,0.9999999999999999,mock,0,11,4,9
2025-09-19 12:01:41.562105,WT002,0.7007580242024617,0.24416413997051123,0.8021153745518377,0.21739130434782608,0.3638718118518305,0.9999999999999999,mock,1,12,4,9
2025-09-19 13:01:41.562105,WT004,0.4597420159064861,0.3128088685177436,0.7133076286373359,0.17391304347826086,0.0,0.9999999999999999,mock,1,13,4,9
2025-09-19 14:01:41.562105,WT004,0.4066085899535582,0.2608482258556306,0.760356851011831,0.17391304347826086,0.056292098583677785,0.9999999999999999,mock,1,14,4,9
2025-09-19 15:01:41.562105,WT001,0.3197766929997381,0.1697362791527699,1.0,0.17391304347826086,0.0,0.9999999999999999,mock,1,15,4,9
2025-09-19 16:01:41.562105,WT004,0.09071962816877915,0.23290410765061087,0.3438968223935006,0.17391304347826086,0.0,0.9999999999999999,mock,0,16,4,9
2025-09-19 17:01:41.562105,WT004,0.2585568872825209,0.2715653571085168,0.9557731616208369,0.17391304347826086,0.0,0.9999999999999999,mock,1,17,4,9
2025-09-19 18:01:41.562105,WT002,0.2587161559156578,0.1755021656058096,0.6325269138441274,0.17391304347826086,0.0,0.9999999999999999,mock,0,18,4,9
2025-09-19 19:01:41.562105,WT004,0.5129691991575523,0.4219362730651689,0.72486340004252,0.17391304347826086,0.0,0.9999999999999999,mock,1,19,4,9
2025-09-19 20:01:41.562105,WT002,0.2671304994378919,0.09641750744723138,0.6713932489487138,0.17391304347826086,0.0,0.9999999999999999,mock,0,20,4,9
2025-09-19 21:01:41.562105,WT004,0.3581970500572774,0.11841208841801248,0.6105521112726966,0.17391304347826086,0.0,0.9999999999999999,mock,0,21,4,9
2025-09-19 22:01:41.562105,WT004,0.3767441806426015,0.150598183051543,0.5871623593390964,0.17391304347826086,0.1102668855506761,0.9999999999999999,mock,0,22,4,9
2025-09-19 23:01:41.562105,WT003,0.3224832531967704,0.09662715561643032,0.7316394911231305,0.13043478260869565,0.0037410972966457345,0.9999999999999999,mock,1,23,4,9
2025-09-20 00:01:41.562105,WT004,0.6247984834421408,0.30533525762291536,0.4349742838248747,0.13043478260869565,0.26907473550088,0.9999999999999999,mock,0,0,5,9
2025-09-20 01:01:41.562105,WT002,0.6509736212014697,0.5695184438325639,0.7992834697520954,0.13043478260869565,0.28540139753633453,0.9999999999999999,mock,1,1,5,9
2025-09-20 02:01:41.562105,WT002,0.716580755705415,0.2508013780732632,0.611844028251852,0.13043478260869565,0.5161091423113104,0.9999999999999999,mock,0,2,5,9
2025-09-20 03:01:41.562105,WT001,0.5957330320248082,0.21422718892626397,0.4971616921726989,0.08695652173913043,0.2324212931899412,0.9999999999999999,mock,0,3,5,9
2025-09-20 04:01:41.562105,WT001,0.8725973702463824,0.38401806033464403,0.6064111729718267,0.08695652173913043,0.7178316766679811,0.9999999999999999,mock,0,4,5,9
2025-09-20 05:01:41.562105,WT003,0.6115289872188767,0.548501618536737,0.8806627616513025,0.08695652173913043,0.2883724998020638,0.9999999999999999,mock,1,5,5,9
2025-09-20 06:01:41.562105,WT002,0.8234469685764528,0.3363601803593109,0.5927043567279959,0.08695652173913043,0.4740000532757531,0.9999999999999999,mock,0,6,5,9
2025-09-20 07:01:41.562105,WT002,0.9786039351416377,0.43955427931757707,0.7362894187217686,0.08695652173913043,0.6559748278405715,0.9999999999999999,mock,1,7,5,9
2025-09-20 08:01:41.562105,WT002,0.6280381511285975,0.21592619964462656,0.5612782709624788,0.08695652173913043,0.3773324068599686,0.9999999999999999,mock,0,8,5,9
2025-09-20 09:01:41.562105,WT003,0.6307911865546705,0.2320005667661892,0.8004630544813569,0.08695652173913043,0.30885495192879286,0.9999999999999999,mock,1,9,5,9
2025-09-20 10:01:41.562105,WT002,0.6459329761265405,0.7649232660543243,0.7888298971416834,0.13043478260869565,0.3314217160519315,0.9999999999999999,mock,1,10,5,9
2025-09-20 11:01:41.562105,WT001,0.5226914008130742,0.5943396875112249,0.9756793636691219,0.13043478260869565,0.2688590312087846,0.9999999999999999,mock,1,11,5,9
2025-09-20 12:01:41.562105,WT003,0.34956827370966514,0.10055799872930793,0.6505007479290201,0.13043478260869565,0.06362939757356911,0.9999999999999999,mock,0,12,5,9
2025-09-20 13:01:41.562105,WT001,0.4489090346159865,0.524043266590918,0.7861225127636349,0.08695652173913043,0.07369229945297762,0.9999999999999999,mock,1,13,5,9
2025-09-20 14:01:41.562105,WT001,0.27174110266651896,0.1982908821162363,0.6944590050796569,0.08695652173913043,0.0,0.9999999999999999,mock,1,14,5,9
2025-09-20 15:01:41.562105,WT003,0.375777242202074,0.36710305334565496,0.8868834510196484,0.08695652173913043,0.03946747689013508,0.9999999999999999,mock,1,15,5,9
2025-09-20 16:01:41.562105,WT004,0.19283653321900573,0.11460104028760992,0.5632259451893225,0.08695652173913043,0.0,0.9999999999999999,mock,0,16,5,9
2025-09-20 17:01:41.562105,WT004,0.4196440996553651,0.2197014071828957,0.7983880430589707,0.08695652173913043,0.07713530594357265,0.9999999999999999,mock,1,17,5,9
2025-09-20 18:01:41.562105,WT001,0.17252594736400262,0.1147263886618215,0.6474270199679317,0.08695652173913043,0.0,0.9999999999999999,mock,0,18,5,9
2025-09-20 19:01:41.562105,WT004,0.2283567556557905,0.1912047498420737,0.6683930042480841,0.13043478260869565,0.0,0.9999999999999999,mock,0,19,5,9
2025-09-20 20:01:41.562105,WT002,0.3699147863422234,0.1270903383217309,0.6934445062709647,0.13043478260869565,0.0,0.9999999999999999,mock,1,20,5,9
2025-09-20 21:01:41.562105,WT003,0.2016096596701818,0.045019403296443106,0.7192265134231288,0.17391304347826086,0.0,0.9999999999999999,mock,1,21,5,9
2025-09-20 22:01:41.562105,WT001,0.4035338378318182,0.1680505012048269,0.6600327610171468,0.13043478260869565,0.0,0.9999999999999999,mock,0,22,5,9
2025-09-20 23:01:41.562105,WT002,0.5754716161160605,0.34436479523565733,0.713197854512658,0.13043478260869565,0.29003819226053973,0.9999999999999999,mock,1,23,5,9
2025-09-21 00:01:41.562105,WT004,0.3437622197680239,0.12622096186185222,0.9322256541117504,0.17391304347826086,0.0,0.9999999999999999,mock,1,0,6,9
2025-09-21 01:01:41.562105,WT002,0.5930049306467102,0.3385718055709641,0.837014868351988,0.13043478260869565,0.4436353638066437,0.9999999999999999,mock,1,1,6,9
2025-09-21 02:01:41.562105,WT004,0.6623060056625206,0.6685457573192923,0.8183323340378554,0.13043478260869565,0.360323591713992,0.9999999999999999,mock,1,2,6,9
2025-09-21 03:01:41.562105,WT001,0.7685470471874222,0.27885879146815484,0.605523326698107,0.13043478260869565,0.5129615767937374,0.9999999999999999,mock,0,3,6,9
2025-09-21 04:01:41.562105,WT002,0.6028586339947644,0.34216369577222416,0.5358502283475617,0.17391304347826086,0.4259219087104462,0.9999999999999999,mock,0,4,6,9
2025-09-21 05:01:41.562105,WT003,0.6198461677877196,0.28168185853075944,0.8321714816564065,0.17391304347826086,0.3719674946978071,0.9999999999999999,mock,1,5,6,9
2025-09-21 06:01:41.562105,WT001,0.8168136640752265,0.5425016621947021,0.8194395498296982,0.17391304347826086,0.7446388186797794,0.9999999999999999,mock,1,6,6,9
2025-09-21 07:01:41.562105,WT002,0.7851221944217707,0.29766656380708334,0.9152857792107616,0.17391304347826086,0.609073265850629,0.9999999999999999,mock,1,7,6,9
2025-09-21 08:01:41.562105,WT002,0.7548510208103726,0.41054119718596227,0.5816766116820649,0.17391304347826086,0.43264169225860316,0.9999999999999999,mock,0,8,6,9
2025-09-21 09:01:41.562105,WT004,0.724058882524169,0.47963648432356076,0.6418282307369756,0.13043478260869565,0.37215738119146335,0.9999999999999999,mock,0,9,6,9
2025-09-21 10:01:41.562105,WT001,0.5662628411078207,0.5530002492930742,0.4153253939704642,0.13043478260869565,0.1250244096925508,0.9999999999999999,mock,1,10,6,9
2025-09-21 11:01:41.562105,WT001,0.5978708987557755,0.34437543204783905,0.6156551206414509,0.13043478260869565,0.37393269666194806,0.9999999999999999,mock,0,11,6,9
2025-09-21 12:01:41.562105,WT001,0.5379679065209084,0.2619665769604208,0.8388014028344384,0.13043478260869565,0.3361233287036729,0.9999999999999999,mock,1,12,6,9
2025-09-21 13:01:41.562105,WT001,0.36890799770876403,0.22962176410501967,0.6037632945424751,0.13043478260869565,0.15357530972718814,0.9999999999999999,mock,0,13,6,9
2025-09-21 14:01:41.562105,WT004,0.5709427730913924,0.44557551100792414,0.7815962634719673,0.17391304347826086,0.35182267045810134,0.9999999999999999,mock,1,14,6,9
2025-09-21 15:01:41.562105,WT003,0.3758018163722141,0.2175776025974816,0.648100806786573,0.17391304347826086,0.10040417915733735,0.9999999999999999,mock,0,15,6,9
2025-09-21 16:01:41.562105,WT001,0.16505492241940029,0.030553631506594514,0.7307636871065295,0.13043478260869565,0.0,0.9999999999999999,mock,1,16,6,9
2025-09-21 17:01:41.562105,WT004,0.3283552043201666,0.43053013311000565,0.49433075099137014,0.13043478260869565,0.0,0.9999999999999999,mock,0,17,6,9
2025-09-21 18:01:41.562105,WT003,0.1529651002714485,0.17019458961223177,0.6923933830536204,0.13043478260869565,0.0,0.9999999999999999,mock,1,18,6,9
2025-09-21 19:01:41.562105,WT003,0.3416933356060693,0.23995105239947057,0.19818569689796495,0.17391304347826086,0.0,0.9999999999999999,mock,0,19,6,9
2025-09-21 20:01:41.562105,WT004,0.40517614696862614,0.15283081541604937,0.6486802545079273,0.21739130434782608,0.04568280866443719,0.9999999999999999,mock,0,20,6,9
2025-09-21 21:01:41.562105,WT001,0.24352354638331164,0.19422709086330636,0.4167729769712698,0.21739130434782608,0.0,0.9999999999999999,mock,0,21,6,9
2025-09-21 22:01:41.562105,WT003,0.47873242810813255,0.21473664773480977,0.872444878864056,0.2608695652173913,0.1713545034443995,0.9999999999999999,mock,1,22,6,9
2025-09-21 23:01:41.562105,WT001,0.4840824754731575,0.2869650983942347,0.8035933548723002,0.2608695652173913,0.26733452904086974,0.9999999999999999,mock,1,23,6,9
2025-09-22 00:01:41.562105,WT001,0.5920217901054413,0.2105307460597438,0.7536742847341977,0.30434782608695654,0.42368225940687676,0.9999999999999999,mock,1,0,0,9
2025-09-22 01:01:41.562105,WT002,0.7679595700477725,0.4021512873645511,0.9230507723292689,0.30434782608695654,0.6078563813947317,0.9999999999999999,mock,1,1,0,9
2025-09-22 02:01:41.562105,WT001,0.6106755884557021,1.0,0.5262634681089362,0.30434782608695654,0.4092448636688035,0.9999999999999999,mock,1,2,0,9
2025-09-22 03:01:41.562105,WT002,0.611638046346844,0.21029362618546787,0.9594144894905141,0.30434782608695654,0.3801430654391089,0.9999999999999999,mock,1,3,0,9
2025-09-22 04:01:41.562105,WT003,0.6383609354134898,0.6940714105120862,0.8284590759016082,0.30434782608695654,0.32897318709607637,0.9999999999999999,mock,1,4,0,9
2025-09-22 05:01:41.562105,WT004,0.6714127629232012,0.29403014024928664,0.6407026317403646,0.34782608695652173,0.4884428375054919,0.9999999999999999,mock,0,5,0,9
2025-09-22 06:01:41.562105,WT002,0.7556012459698437,0.5207245728321084,0.8611394012620193,0.391304347826087,0.4119062994822076,0.9999999999999999,mock,1,6,0,9
2025-09-22 07:01:41.562105,WT004,0.7896353697528403,0.46816012631062276,0.5009812230310309,0.391304347826087,0.6858856771105177,0.9999999999999999,mock,0,7,0,9
2025-09-22 08:01:41.562105,WT003,0.7575280224120314,0.3681453790871654,0.5462484157452363,0.391304347826087,0.43305619518795435,0.9999999999999999,mock,0,8,0,9
2025-09-22 09:01:41.562105,WT001,0.7731821353253111,0.43829882120688013,0.5809361710013463,0.391304347826087,0.5916231108428442,0.9999999999999999,mock,0,9,0,9
2025-09-22 10:01:41.562105,WT003,0.63707881816533,0.48150227195493656,0.5937256547659246,0.34782608695652173,0.29184032970592355,0.9999999999999999,mock,0,10,0,9
2025-09-22 11:01:41.562105,WT004,0.7226657647700321,0.3137977535214822,0.5089711739953398,0.34782608695652173,0.5435225902320253,0.9999999999999999,mock,0,11,0,9
2025-09-22 12:01:41.562105,WT003,0.4809770998056855,0.20236195573451948,0.8751901144835545,0.391304347826087,0.14176624703039842,0.9999999999999999,mock,1,12,0,9
2025-09-22 13:01:41.562105,WT001,0.7198597883054917,0.38671178000270257,0.6371203314433753,0.391304347826087,0.3420715878197169,0.9999999999999999,mock,0,13,0,9
2025-09-22 14:01:41.562105,WT003,0.4442241179552453,0.34674207131325285,0.7353337820563115,0.391304347826087,0.1306596082110798,0.9999999999999999,mock,1,14,0,9
2025-09-22 15:01:41.562105,WT001,0.23979637404707882,0.23855374924796302,0.5870790734606213,0.391304347826087,0.0,0.9999999999999999,mock,0,15,0,9
2025-09-22 16:01:41.562105,WT002,0.1773589557524799,0.2342859042170079,0.3862290286782537,0.391304347826087,0.0,0.9999999999999999,mock,0,16,0,9
2025-09-22 17:01:41.562105,WT004,0.3105669555604076,0.15698485832192033,0.7220887666305043,0.391304347826087,0.0,0.9999999999999999,mock,1,17,0,9
2025-09-22 18:01:41.562105,WT001,0.22972737503176288,0.2683128215503945,0.3715054017837991,0.391304347826087,0.0,0.9999999999999999,mock,0,18,0,9
2025-09-22 19:01:41.562105,WT001,0.33422533577492863,0.11007980321150351,0.6676787858103905,0.391304347826087,0.0,0.9999999999999999,mock,0,19,0,9
2025-09-22 20:01:41.562105,WT003,0.33514378134949085,0.1939376613133159,0.458888078538473,0.43478260869565216,0.0,0.9999999999999999,mock,0,20,0,9
2025-09-22 21:01:41.562105,WT002,0.319941924251852,0.08889456302799698,0.9979559190795642,0.43478260869565216,0.0,0.9999999999999999,mock,1,21,0,9
2025-09-22 22:01:41.562105,WT001,0.29376269694851076,0.12753840159696983,0.825112971207465,0.43478260869565216,0.0,0.9999999999999999,mock,1,22,0,9
2025-09-22 23:01:41.562105,WT002,0.2871104280652167,0.13301438488351824,0.6956937834171577,0.4782608695652174,0.020065812356538593,0.9999999999999999,mock,1,23,0,9
2025-09-23 00:01:41.562105,WT002,0.462394176551857,0.20873090451780524,0.8817162023681626,0.4782608695652174,0.044148882183724814,0.9999999999999999,mock,1,0,1,9
2025-09-23 01:01:41.562105,WT003,0.6616483122388943,0.3746981993892795,0.5427460050806796,0.4782608695652174,0.5038259627119017,0.9999999999999999,mock,0,1,1,9
2025-09-23 02:01:41.562105,WT001,0.6576271141745231,0.2846895650009108,0.7660133737581538,0.4782608695652174,0.19968574435804354,0.9999999999999999,mock,1,2,1,9
2025-09-23 03:01:41.562105,WT003,0.5613634318171167,0.259584277926998,0.7108037627195918,0.4782608695652174,0.15081207643148753,0.9999999999999999,mock,1,3,1,9
2025-09-23 04:01:41.562105,WT004,0.7469510074992204,0.2921734606731472,0.7211188922121514,0.4782608695652174,0.4395009812477293,0.9999999999999999,mock,1,4,1,9
2025-09-23 05:01:41.562105,WT004,0.7941483512751498,0.3357808780050935,0.8831052941418389,0.4782608695652174,0.47123291444613336,0.9999999999999999,mock,1,5,1,9
2025-09-23 06:01:41.562105,WT001,0.6731640149460182,0.26116685177525023,0.796377825166215,0.4782608695652174,0.2759041092293324,0.9999999999999999,mock,1,6,1,9
2025-09-23 07:01:41.562105,WT002,0.7704834113890179,0.2767622394464344,0.7250874647161063,0.43478260869565216,0.5994289357602884,0.9999999999999999,mock,1,7,1,9
2025-09-23 08:01:41.562105,WT001,0.7352027296643336,0.37042595659317656,0.4128508941288338,0.43478260869565216,0.49103406525175597,0.9999999999999999,mock,0,8,1,9
2025-09-23 09:01:41.562105,WT001,0.5718646885409145,0.32816346097652804,0.5244754959118159,0.43478260869565216,0.31053551994550754,0.9999999999999999,mock,0,9,1,9
2025-09-23 10:01:41.562105,WT004,0.6723102499038413,0.3506822071922354,0.6589917817902355,0.43478260869565216,0.4836604775778033,0.9999999999999999,mock,0,10,1,9
2025-09-23 11:01:41.562105,WT004,0.6314413724029431,0.29087147150498616,0.6937047377776473,0.4782608695652174,0.38580743380491644,0.9999999999999999,mock,1,11,1,9
2025-09-23 12:01:41.562105,WT002,0.6186908071386638,0.26741692944196693,0.4971401034354348,0.4782608695652174,0.40349777477656135,0.9999999999999999,mock,0,12,1,9
2025-09-23 13:01:41.562105,WT002,0.5495843427996473,0.43181273798299324,1.0,0.4782608695652174,0.2372176765351366,0.9999999999999999,mock,1,13,1,9
2025-09-23 14:01:41.562105,WT001,0.23951589442615323,0.14906899970735388,0.9223098377155852,0.4782608695652174,0.0,0.9999999999999999,mock,1,14,1,9
2025-09-23 15:01:41.562105,WT003,0.2315534775264818,0.1357967993415657,0.7754335823972092,0.4782608695652174,0.0,0.9999999999999999,mock,1,15,1,9
2025-09-23 16:01:41.562105,WT001,0.3394148163204912,0.09919164681758291,0.6902772375890192,0.4782608695652174,0.0,0.9999999999999999,mock,1,16,1,9
2025-09-23 17:01:41.562105,WT002,0.3137666863939286,0.1386524034120455,0.6446138105916481,0.4782608695652174,0.0,0.9999999999999999,mock,0,17,1,9
2025-09-23 18:01:41.562105,WT003,0.3051910579558318,0.14297604808616987,0.5257812136082474,0.4782608695652174,0.0,0.9999999999999999,mock,0,18,1,9
2025-09-23 19:01:41.562105,WT004,0.6549522716911591,0.28577448607777833,0.691151748373287,0.4782608695652174,0.31134203986424613,0.9999999999999999,mock,1,19,1,9
2025-09-23 20:01:41.562105,WT002,0.3451223080161032,0.20824808825500835,0.7201120264001482,0.4782608695652174,0.0,0.9999999999999999,mock,1,20,1,9
2025-09-23 21:01:41.562105,WT002,0.44342006963413094,0.23395018026580883,0.47921875665022773,0.4782608695652174,0.12245891079814908,0.9999999999999999,mock,0,21,1,9
2025-09-23 22:01:41.562105,WT003,0.47777452135957477,0.2696068121827382,0.7323893432507158,0.4782608695652174,0.17228795088288984,0.9999999999999999,mock,1,22,1,9
2025-09-23 23:01:41.562105,WT002,0.5084645452640232,0.3466649155492847,0.6537626820200799,0.4782608695652174,0.10192746996488578,0.9999999999999999,mock,0,23,1,9
2025-09-24 00:01:41.562105,WT002,0.47580533973889494,0.36272530247980617,0.37221986899489945,0.4782608695652174,0.09262210897239864,0.9999999999999999,mock,0,0,2,9
2025-09-24 01:01:41.562105,WT002,0.6516926044332851,0.3805493399486264,0.5404858478323966,0.4782608695652174,0.48926886758733157,0.9999999999999999,mock,0,1,2,9
2025-09-24 02:01:41.562105,WT002,0.5567801496025986,0.5770576557859183,0.6122599243886264,0.4782608695652174,0.2995810833121968,0.9999999999999999,mock,1,2,2,9
2025-09-24 03:01:41.562105,WT002,0.6644585602926137,0.22734085341859833,0.9819572852183227,0.4782608695652174,0.5996053832577941,0.9999999999999999,mock,1,3,2,9
2025-09-24 04:01:41.562105,WT002,0.6796585407541078,0.25867995991178283,0.7681136404088167,0.4782608695652174,0.5392334992713415,0.9999999999999999,mock,1,4,2,9
2025-09-24 05:01:41.562105,WT002,0.7631414185988136,0.26516748879861407,0.46416269854598413,0.5217391304347826,0.6560695494444204,0.9999999999999999,mock,0,5,2,9
2025-09-24 06:01:41.562105,WT002,0.9999999999999999,0.49053237921777193,0.7567852760173754,0.4782608695652174,0.76419751089681,0.9999999999999999,mock,1,6,2,9
2025-09-24 07:01:41.562105,WT004,0.563971280634217,0.47467433607896037,0.43013392294572306,0.43478260869565216,0.3345083403982716,0.9999999999999999,mock,0,7,2,9
2025-09-24 08:01:41.562105,WT002,0.7993793107125055,0.313990129994449,0.852636466398637,0.391304347826087,0.5981743919830051,0.9999999999999999,mock,1,8,2,9
2025-09-24 09:01:41.562105,WT004,0.5238643793176492,0.5011946244298044,0.6030196127439815,0.391304347826087,0.15596251085455926,0.9999999999999999,mock,1,9,2,9
2025-09-24 10:01:41.562105,WT004,0.5875265250923271,0.20233312121314445,0.663662250155018,0.43478260869565216,0.31364579259038194,0.9999999999999999,mock,0,10,2,9
2025-09-24 11:01:41.562105,WT001,0.6854113002698707,0.5789289863676343,0.8916908105986829,0.391304347826087,0.5259228375299501,0.9999999999999999,mock,1,11,2,9
2025-09-24 12:01:41.562105,WT001,0.5145890623709273,0.22043423567092751,0.47192487215467915,0.34782608695652173,0.23927666527205704,0.9999999999999999,mock,0,12,2,9
2025-09-24 13:01:41.562105,WT004,0.33177514402311437,0.10642641377187206,0.45426092055351,0.34782608695652173,0.0,0.9999999999999999,mock,0,13,2,9
2025-09-24 14:01:41.562105,WT004,0.307198823738259,0.16748354689883682,0.5849508197278857,0.34782608695652173,0.0,0.9999999999999999,mock,0,14,2,9
2025-09-24 15:01:41.562105,WT002,0.39682761402208744,0.1563419678616979,0.8455178147993876,0.34782608695652173,0.0,0.9999999999999999,mock,1,15,2,9
2025-09-24 16:01:41.562105,WT001,0.21215512587101837,0.08787639789190177,0.43462529625813806,0.34782608695652173,0.0,0.9999999999999999,mock,0,16,2,9
2025-09-24 17:01:41.562105,WT003,0.2833846964534278,0.12020902021194246,0.22372552141062685,0.30434782608695654,0.0,0.9999999999999999,mock,0,17,2,9
2025-09-24 18:01:41.562105,WT001,0.2572183104129021,0.26931940795928555,0.606227070689699,0.30434782608695654,0.0,0.9999999999999999,mock,0,18,2,9
2025-09-24 19:01:41.562105,WT004,0.19468328068258284,0.13667063932533147,0.767340551729955,0.34782608695652173,0.0,0.9999999999999999,mock,1,19,2,9
2025-09-24 20:01:41.562105,WT004,0.505862637422885,0.20931692584231854,0.871523923304081,0.34782608695652173,0.08510026699099993,0.9999999999999999,mock,1,20,2,9
2025-09-24 21:01:41.562105,WT002,0.3921599957902725,0.2363881023933877,0.6042988965872742,0.30434782608695654,0.1958412064852879,0.9999999999999999,mock,0,21,2,9
2025-09-24 22:01:41.562105,WT002,0.17335472873560592,0.18966508820355693,0.612609963795979,0.30434782608695654,0.0,0.9999999999999999,mock,0,22,2,9
2025-09-24 23:01:41.562105,WT001,0.4609556000205809,0.18454790498684986,0.8640761347570658,0.30434782608695654,0.06114832009802995,0.9999999999999999,mock,1,23,2,9
2025-09-25 00:01:41.562105,WT002,0.44039695132472734,0.20369700634384724,0.37833505995104755,0.2608695652173913,0.12051263948006996,0.9999999999999999,mock,0,0,3,9
2025-09-25 01:01:41.562105,WT003,0.6612431071782927,0.24021600536918375,0.6162897320442102,0.2608695652173913,0.45797929480966193,0.9999999999999999,mock,0,1,3,9
2025-09-25 02:01:41.562105,WT003,0.5547675894191781,0.2067858016787048,0.709295836445027,0.2608695652173913,0.24183252401487954,0.9999999999999999,mock,1,2,3,9
2025-09-25 03:01:41.562105,WT002,0.6769333594521926,0.3749295652880522,0.7508706199338171,0.2608695652173913,0.4215847721199999,0.9999999999999999,mock,1,3,3,9
2025-09-25 04:01:41.562105,WT003,0.7808561860803845,0.2966348573538836,0.5968054334014661,0.21739130434782608,0.6141299915220779,0.9999999999999999,mock,0,4,3,9
2025-09-25 05:01:41.562105,WT003,0.8432412325360142,0.39048795445493545,0.6842375524142237,0.21739130434782608,0.6449356711832885,0.9999999999999999,mock,1,5,3,9
2025-09-25 06:01:41.562105,WT001,0.6408291313137982,0.37221430298515856,0.2789607235802911,0.21739130434782608,0.5029386379642762,0.9999999999999999,mock,0,6,3,9
2025-09-25 07:01:41.562105,WT003,0.7205946701091017,0.2616412809781219,0.5729586189127782,0.21739130434782608,0.5668219213492032,0.9999999999999999,mock,0,7,3,9
2025-09-25 08:01:41.562105,WT004,0.6807231140252435,0.33772455440071225,0.7515597969829031,0.2608695652173913,0.5125243420197809,0.9999999999999999,mock,1,8,3,9
2025-09-25 09:01:41.562105,WT004,0.6218979914045849,0.2457053262399076,0.5209014487558155,0.2608695652173913,0.25887550537616555,0.9999999999999999,mock,0,9,3,9
2025-09-25 10:01:41.562105,WT001,0.8161507656046275,0.7031745193462415,0.6881803615950521,0.2608695652173913,0.619892730103976,0.9999999999999999,mock,1,10,3,9
2025-09-25 11:01:41.562105,WT002,0.615520874708995,0.2893790759994208,0.7504937051088283,0.2608695652173913,0.31087563268570406,0.9999999999999999,mock,1,11,3,9
2025-09-25 12:01:41.562105,WT001,0.37917899338113525,0.3196880685947977,0.6236749577813976,0.2608695652173913,0.0,0.9999999999999999,mock,0,12,3,9
2025-09-25 13:01:41.562105,WT002,0.5356934890163334,0.27520543534744846,0.7060892900912941,0.30434782608695654,0.256718027519641,0.9999999999999999,mock,1,13,3,9
2025-09-25 14:01:41.562105,WT002,0.5971407851617145,0.20389720343713996,0.5240439529274776,0.30434782608695654,0.2626305645024236,0.9999999999999999,mock,0,14,3,9
2025-09-25 15:01:41.562105,WT002,0.4328848982904997,0.2602179408992036,0.6455130664117572,0.30434782608695654,0.1359120036656365,0.9999999999999999,mock,0,15,3,9
2025-09-25 16:01:41.562105,WT002,0.13153189881058697,0.3969078633295281,0.776734482903259,0.30434782608695654,0.0,0.9999999999999999,mock,1,16,3,9
2025-09-25 17:01:41.562105,WT002,0.2117853746599646,0.16193406219225964,0.7039220230594885,0.2608695652173913,0.0,0.9999999999999999,mock,1,17,3,9
2025-09-25 18:01:41.562105,WT001,0.3820191980357367,0.32975114146768947,0.5844798099173483,0.2608695652173913,0.0,0.9999999999999999,mock,0,18,3,9
2025-09-25 19:01:41.562105,WT002,0.188953934510669,0.30958868431543984,0.714724524726452,0.21739130434782608,0.0,0.9999999999999999,mock,1,19,3,9
2025-09-25 20:01:41.562105,WT003,0.33213772316526025,0.12584140395704263,0.7935050736057416,0.21739130434782608,0.0034801192087235977,0.9999999999999999,mock,1,20,3,9
2025-09-25 21:01:41.562105,WT003,0.40653876887248863,0.15278633406013048,0.3493864196809804,0.21739130434782608,0.0,0.9999999999999999,mock,0,21,3,9
2025-09-25 22:01:41.562105,WT002,0.28557403234629386,0.1942621092103447,0.864907218216671,0.21739130434782608,0.0,0.9999999999999999,mock,1,22,3,9
2025-09-25 23:01:41.562105,WT003,0.4358205036361563,0.2013352068624259,0.6246861483867097,0.21739130434782608,0.0,0.9999999999999999,mock,0,23,3,9
2025-09-26 00:01:41.562105,WT004,0.1768162244973155,0.2636425686794863,0.7470586457138149,0.21739130434782608,0.0,0.9999999999999999,mock,1,0,4,9
2025-09-26 01:01:41.562105,WT001,0.4694627215393613,0.43963781229517307,0.8710395985537018,0.2608695652173913,0.12961543146406007,0.9999999999999999,mock,1,1,4,9
2025-09-26 02:01:41.562105,WT001,0.6099419063551909,0.2586615394092675,0.45834851793379805,0.21739130434782608,0.27565045187825143,0.9999999999999999,mock,0,2,4,9
2025-09-26 03:01:41.562105,WT002,0.5611545272656323,0.21826154151140365,0.5647346492214536,0.17391304347826086,0.2327621574725185,0.9999999999999999,mock,0,3,4,9
2025-09-26 04:01:41.562105,WT002,0.8960604687656274,0.5093535774273725,0.6323500124226231,0.17391304347826086,0.81651528624425,0.9999999999999999,mock,1,4,4,9
2025-09-26 05:01:41.562105,WT004,0.608638180039164,0.24358973158839192,0.5527965171533058,0.17391304347826086,0.2748731903053341,0.9999999999999999,mock,0,5,4,9
2025-09-26 06:01:41.562105,WT002,0.718514434453232,0.465835861115654,0.957418181760155,0.17391304347826086,0.4178272817619608,0.9999999999999999,mock,1,6,4,9
2025-09-26 07:01:41.562105,WT003,0.768134768750164,0.3361002973798638,0.5410662544783968,0.21739130434782608,0.5377358619943278,0.9999999999999999,mock,0,7,4,9
2025-09-26 08:01:41.562105,WT004,0.8765292920218847,0.4489256257707276,0.5894573956739699,0.21739130434782608,0.6059091666987759,0.9999999999999999,mock,0,8,4,9
2025-09-26 09:01:41.562105,WT003,0.5419359349197002,0.18907598315650398,0.7115393037453543,0.21739130434782608,0.3999087736647595,0.9999999999999999,mock,1,9,4,9
2025-09-26 10:01:41.562105,WT001,0.7546065354683918,0.384835749956949,0.4855821789571757,0.21739130434782608,0.48657690125723563,0.9999999999999999,mock,0,10,4,9
2025-09-26 11:01:41.562105,WT003,0.5751840235766691,0.2657831545506164,0.6151395050042718,0.21739130434782608,0.3568699077500872,0.9999999999999999,mock,0,11,4,9
2025-09-26 12:01:41.562105,WT001,0.40772657681280433,0.23507455587385406,0.7297028074104284,0.21739130434782608,0.05872890244794704,0.9999999999999999,mock,1,12,4,9
2025-09-26 13:01:41.562105,WT003,0.4891224325427578,0.1786925384262999,0.625231440241302,0.2608695652173913,0.0661267223202675,0.9999999999999999,mock,0,13,4,9
2025-09-26 14:01:41.562105,WT001,0.40063179823251294,0.2895569857760387,0.6637023044096897,0.2608695652173913,0.028722320769718923,0.9999999999999999,mock,0,14,4,9
2025-09-26 15:01:41.562105,WT002,0.2660515060927169,0.3186941126201398,0.5936687205316917,0.21739130434782608,0.0,0.9999999999999999,mock,0,15,4,9
2025-09-26 16:01:41.562105,WT003,0.29391927227495096,0.10881094157196558,0.4354085766932072,0.21739130434782608,0.0,0.9999999999999999,mock,0,16,4,9
2025-09-26 17:01:41.562105,WT001,0.2218934282660368,0.06197755978807129,0.7303678806953262,0.21739130434782608,0.0,0.9999999999999999,mock,1,17,4,9
2025-09-26 18:01:41.562105,WT003,0.26416122898834793,0.06903975477503427,0.9606305719747676,0.21739130434782608,0.0,0.9999999999999999,mock,1,18,4,9
2025-09-26 19:01:41.562105,WT004,0.3289250891734301,0.22201105624725864,0.6816608634377133,0.21739130434782608,0.010533570101405765,0.9999999999999999,mock,1,19,4,9
2025-09-26 20:01:41.562105,WT002,0.44885160175685346,0.25785629012060096,0.7148928373589212,0.21739130434782608,0.05641416508673047,0.9999999999999999,mock,1,20,4,9
2025-09-26 21:01:41.562105,WT001,0.2008993626003439,0.14123106069541502,0.7899889726149931,0.17391304347826086,0.0,0.9999999999999999,mock,1,21,4,9
2025-09-26 22:01:41.562105,WT004,0.5982522546890104,0.232181379563012,0.4747897134075165,0.17391304347826086,0.25725092245366277,0.9999999999999999,mock,0,22,4,9
2025-09-26 23:01:41.562105,WT003,0.2424315976782917,0.120258418370351,0.9522096766216057,0.17391304347826086,0.0,0.9999999999999999,mock,1,23,4,9
2025-09-27 00:01:41.562105,WT004,0.4925107440666404,0.2711888505093345,0.7112083317893005,0.17391304347826086,0.2116379989844661,0.9999999999999999,mock,1,0,5,9
2025-09-27 01:01:41.562105,WT003,0.6342547616806309,0.3001096688870899,0.9408586731317965,0.17391304347826086,0.1658795966234936,0.9999999999999999,mock,1,1,5,9
2025-09-27 02:01:41.562105,WT002,0.6644630074784791,0.7837474413268203,0.560944650789494,0.13043478260869565,0.4081688959698957,0.9999999999999999,mock,1,2,5,9
2025-09-27 03:01:41.562105,WT004,0.6250278467283003,0.2279508021258546,0.9707720740082952,0.13043478260869565,0.3666968287317802,0.9999999999999999,mock,1,3,5,9
2025-09-27 04:01:41.562105,WT002,0.707988063718949,0.39297042257586023,0.8032315990418462,0.13043478260869565,0.4460395444166487,0.9999999999999999,mock,1,4,5,9
2025-09-27 05:01:41.562105,WT001,0.7043985950707574,0.3065798716721081,0.7675492789731599,0.13043478260869565,0.5850478941992603,0.9999999999999999,mock,1,5,5,9
2025-09-27 06:01:41.562105,WT003,0.7032563467741589,0.3113158341585732,0.7163001649957992,0.17391304347826086,0.5034982555267642,0.9999999999999999,mock,1,6,5,9
2025-09-27 07:01:41.562105,WT003,0.8415906503867759,0.4557422753220751,0.6387791441832857,0.13043478260869565,0.7842015727522331,0.9999999999999999,mock,0,7,5,9
2025-09-27 08:01:41.562105,WT002,0.765735890703738,0.4147864612998553,0.8715672835101644,0.08695652173913043,0.5347963890798775,0.9999999999999999,mock,1,8,5,9
2025-09-27 09:01:41.562105,WT002,0.6178535261538393,0.8076298646817165,0.70125316888346,0.13043478260869565,0.4279985387619776,0.9999999999999999,mock,1,9,5,9
2025-09-27 10:01:41.562105,WT001,0.7276746210444633,0.2675467281629593,0.36269954409498917,0.13043478260869565,0.6501357135842503,0.9999999999999999,mock,0,10,5,9
2025-09-27 11:01:41.562105,WT004,0.6055393536568089,0.21554795583050546,0.49923129624103524,0.08695652173913043,0.44466905789628486,0.9999999999999999,mock,0,11,5,9
2025-09-27 12:01:41.562105,WT003,0.5910819008446302,0.3593025001341592,0.6488489997665439,0.08695652173913043,0.2029541680486826,0.9999999999999999,mock,0,12,5,9
2025-09-27 13:01:41.562105,WT003,0.5062407832127527,0.2717074188075581,0.7285052950961184,0.08695652173913043,0.15792492770973898,0.9999999999999999,mock,1,13,5,9
2025-09-27 14:01:41.562105,WT001,0.29558143350559885,0.11912814571484859,0.6696138763582207,0.08695652173913043,0.0,0.9999999999999999,mock,0,14,5,9
2025-09-27 15:01:41.562105,WT001,0.2701425133595615,0.0788772319613445,0.8745294867671354,0.08695652173913043,0.0,0.9999999999999999,mock,1,15,5,9
2025-09-27 16:01:41.562105,WT002,0.3631478170593012,0.1166822393322191,0.3652647401173561,0.043478260869565216,0.03840676549634425,0.9999999999999999,mock,0,16,5,9
2025-09-27 17:01:41.562105,WT002,0.32363602253260904,0.3745227802681378,0.7017717502308987,0.0,0.0,0.9999999999999999,mock,1,17,5,9
2025-09-27 18:01:41.562105,WT004,0.2504258134491132,0.08756985230588965,0.3866505802066156,0.043478260869565216,0.0,0.9999999999999999,mock,0,18,5,9
2025-09-27 19:01:41.562105,WT001,0.2732551096629381,0.1191647899566955,0.8007506853669395,0.043478260869565216,0.0,0.9999999999999999,mock,1,19,5,9
2025-09-27 20:01:41.562105,WT004,0.41734308232391404,0.15945201996210145,0.6635301133274409,0.043478260869565216,0.18583049517979044,0.9999999999999999,mock,0,20,5,9
2025-09-27 21:01:41.562105,WT001,0.2669349334977288,0.12272562658114733,0.7461140437169447,0.0,0.0,0.9999999999999999,mock,1,21,5,9
2025-09-27 22:01:41.562105,WT003,0.43619555333194926,0.14346512291171798,0.5399239103885454,0.0,0.08557856139551268,0.9999999999999999,mock,0,22,5,9
2025-09-27 23:01:41.562105,WT001,0.4212422409972155,0.22124642468244315,0.8842477289635613,0.0,0.030470712698520974,0.9999999999999999,mock,1,23,5,9
2025-09-28 00:01:41.562105,WT001,0.4857772403378233,0.16291274539555783,0.8460553118273673,0.043478260869565216,0.2571104868738989,0.9999999999999999,mock,1,0,6,9
2025-09-28 01:01:41.562105,WT003,0.6864153827055719,0.4380927118691015,0.7724497100105108,0.043478260869565216,0.17973806662028524,0.9999999999999999,mock,1,1,6,9
2025-09-28 02:01:41.562105,WT001,0.7200942788111554,0.28086986060167607,0.6578980422107326,0.08695652173913043,0.4874396901887508,0.9999999999999999,mock,0,2,6,9
2025-09-28 03:01:41.562105,WT004,0.7717849158705231,0.36613457841904606,0.7718573992503308,0.08695652173913043,0.5536227138534953,0.9999999999999999,mock,1,3,6,9
2025-09-28 04:01:41.562105,WT002,0.8626533185327273,0.572745375971007,0.5651440492451321,0.13043478260869565,0.6524152902451998,0.9999999999999999,mock,1,4,6,9
2025-09-28 05:01:41.562105,WT002,0.7569214704388122,0.39520977033063587,0.8161476972273758,0.13043478260869565,0.7005985897564431,0.9999999999999999,mock,1,5,6,9
2025-09-28 06:01:41.562105,WT004,0.8331642108124201,0.3885845914485673,0.9436899266859897,0.13043478260869565,0.5701252327589152,0.9999999999999999,mock,1,6,6,9
2025-09-28 07:01:41.562105,WT003,0.7230710372399853,0.29801593758086486,0.8506957633481989,0.13043478260869565,0.5641772607579385,0.9999999999999999,mock,1,7,6,9
2025-09-28 08:01:41.562105,WT001,0.7623792469075693,0.3152672284941017,0.5614957567106211,0.17391304347826086,0.5825523578255085,0.9999999999999999,mock,0,8,6,9
2025-09-28 09:01:41.562105,WT004,0.6753590557753475,0.3697603216090428,0.7367655300345124,0.21739130434782608,0.5405264670421186,0.9999999999999999,mock,1,9,6,9
2025-09-28 10:01:41.562105,WT002,0.6456616376980454,0.869424657238803,0.47096452444498604,0.2608695652173913,0.32054561112052693,0.9999999999999999,mock,1,10,6,9
2025-09-28 11:01:41.562105,WT002,0.6349536792295408,0.3508094924953902,0.7706578473477621,0.2608695652173913,0.2990920632576701,0.9999999999999999,mock,1,11,6,9
2025-09-28 12:01:41.562105,WT004,0.42441193457251025,0.23315264864298835,0.7510930673924121,0.2608695652173913,0.16421663130332198,0.9999999999999999,mock,1,12,6,9
2025-09-28 13:01:41.562105,WT002,0.6557107540257485,0.38791154189791643,0.3783230692361017,0.30434782608695654,0.43540705740224195,0.9999999999999999,mock,0,13,6,9
2025-09-28 14:01:41.562105,WT004,0.27749264457587897,0.15068536224088724,0.49206683124916806,0.2608695652173913,0.0,0.9999999999999999,mock,0,14,6,9
2025-09-28 15:01:41.562105,WT002,0.2033136436498722,0.049703672538558286,0.6332190839819205,0.2608695652173913,0.0,0.9999999999999999,mock,0,15,6,9
2025-09-28 16:01:41.562105,WT004,0.4051266179990012,0.22679355983243876,0.6303722708727744,0.2608695652173913,0.07124580606175324,0.9999999999999999,mock,0,16,6,9
2025-09-28 17:01:41.562105,WT001,0.3421611414965301,0.4979487505171962,0.48440504780909066,0.30434782608695654,0.02212214279956326,0.9999999999999999,mock,1,17,6,9
2025-09-28 18:01:41.562105,WT001,0.31633644452332177,0.11117657798451819,0.7411932063285542,0.34782608695652173,0.0,0.9999999999999999,mock,1,18,6,9
2025-09-28 19:01:41.562105,WT001,0.32547279824945696,0.2389115766169807,0.7191033308095052,0.34782608695652173,0.0,0.9999999999999999,mock,1,19,6,9
2025-09-28 20:01:41.562105,WT001,0.2855352219060965,0.10294663023501432,0.6474958035338485,0.34782608695652173,0.0,0.9999999999999999,mock,0,20,6,9
2025-09-28 21:01:41.562105,WT002,0.23569913581565977,0.15204826766798196,0.5572885503267044,0.30434782608695654,0.0,0.9999999999999999,mock,0,21,6,9
2025-09-28 22:01:41.562105,WT003,0.38803714052179095,0.1281062229698008,0.8471770280502731,0.30434782608695654,0.0,0.9999999999999999,mock,1,22,6,9
2025-09-28 23:01:41.562105,WT004,0.37270817702677617,0.18503531684285823,0.9446419598496405,0.34782608695652173,0.0,0.9999999999999999,mock,1,23,6,9
2025-09-29 00:01:41.562105,WT003,0.607661973367546,0.3814479679904367,0.6010216648090836,0.34782608695652173,0.4019839401848999,0.9999999999999999,mock,0,0,0,9
2025-09-29 01:01:41.562105,WT002,0.5591115147397702,0.23732888756276316,0.5803615031776612,0.30434782608695654,0.26913682916131454,0.9999999999999999,mock,0,1,0,9
2025-09-29 02:01:41.562105,WT002,0.551397935103885,0.31877817233413874,0.7576160454580743,0.2608695652173913,0.22547966487484672,0.9999999999999999,mock,1,2,0,9
2025-09-29 03:01:41.562105,WT003,0.655817173005123,0.42285929388596133,0.6211881033017121,0.2608695652173913,0.5241239495216929,0.9999999999999999,mock,0,3,0,9
2025-09-29 04:01:41.562105,WT003,0.7714495874826847,0.5997868446854578,0.6563108507743847,0.2608695652173913,0.6214346430393878,0.9999999999999999,mock,1,4,0,9
2025-09-29 05:01:41.562105,WT002,0.6971717988370433,0.2719188893931904,0.7975282309060483,0.21739130434782608,0.6045184801038777,0.9999999999999999,mock,1,5,0,9
2025-09-29 06:01:41.562105,WT002,0.6794623116791125,0.29561416479734937,0.3719711013369411,0.21739130434782608,0.3025064369415156,0.9999999999999999,mock,0,6,0,9
2025-09-29 07:01:41.562105,WT004,0.7796760661568406,0.29174690995512,0.8904868652123912,0.17391304347826086,0.5715273353663561,0.9999999999999999,mock,1,7,0,9
2025-09-29 08:01:41.562105,WT001,0.7542863255215152,0.8810086805921274,0.6903806405496571,0.17391304347826086,0.38959243468433846,0.9999999999999999,mock,1,8,0,9
2025-09-29 09:01:41.562105,WT001,0.6368562505350612,0.5460175869599982,0.6125992747110995,0.17391304347826086,0.3481091214138512,0.9999999999999999,mock,1,9,0,9
2025-09-29 10:01:41.562105,WT004,0.5876178323168234,0.29296676618231976,0.6643694266895053,0.17391304347826086,0.2754890128387779,0.9999999999999999,mock,0,10,0,9
2025-09-29 11:01:41.562105,WT003,0.5978500778388292,0.4326128410843437,0.6726690484389763,0.17391304347826086,0.3706459859640856,0.9999999999999999,mock,0,11,0,9
2025-09-29 12:01:41.562105,WT002,0.3600501777411067,0.19744202326830768,0.400591250108701,0.17391304347826086,0.0,0.9999999999999999,mock,0,12,0,9
2025-09-29 13:01:41.562105,WT003,0.2980832591308723,0.2034086449193731,0.9188630092349537,0.17391304347826086,0.0,0.9999999999999999,mock,1,13,0,9
2025-09-29 14:01:41.562105,WT001,0.3068779148137111,0.09481310815407523,0.6853435505822665,0.17391304347826086,0.0,0.9999999999999999,mock,1,14,0,9
2025-09-29 15:01:41.562105,WT001,0.30557304173358946,0.26099209470255813,0.749871939176725,0.13043478260869565,0.09051965908722437,0.9999999999999999,mock,1,15,0,9
2025-09-29 16:01:41.562105,WT003,0.318556306194932,0.10494247601398315,0.831568926403615,0.13043478260869565,0.0,0.9999999999999999,mock,1,16,0,9
2025-09-29 17:01:41.562105,WT001,0.41202342946367765,0.3465886820681088,0.5146573275923827,0.13043478260869565,0.0,0.9999999999999999,mock,0,17,0,9
2025-09-29 18:01:41.562105,WT002,0.34020039034185345,0.2894326513409443,0.7547668361317248,0.13043478260869565,0.0,0.9999999999999999,mock,1,18,0,9
2025-09-29 19:01:41.562105,WT004,0.2449230713661874,0.214825707392937,0.6357087701907607,0.13043478260869565,0.0,0.9999999999999999,mock,0,19,0,9
2025-09-29 20:01:41.562105,WT003,0.28484349643943496,0.07889213911205162,0.8147364262208594,0.13043478260869565,0.0,0.9999999999999999,mock,1,20,0,9
2025-09-29 21:01:41.562105,WT002,0.22494175456214904,0.09623526643096342,0.33697058203053953,0.17391304347826086,0.0,0.9999999999999999,mock,0,21,0,9
2025-09-29 22:01:41.562105,WT002,0.378399415883354,0.15010806744683391,0.6627854173266154,0.17391304347826086,0.0,0.9999999999999999,mock,0,22,0,9
2025-09-29 23:01:41.562105,WT001,0.4124068323759996,0.18152311733827148,0.5818629581753565,0.17391304347826086,0.002899819898615763,0.9999999999999999,mock,0,23,0,9
2025-09-30 00:01:41.562105,WT002,0.5409972513957856,0.1876011129530612,0.7481467150938652,0.21739130434782608,0.2972732447571511,0.9999999999999999,mock,1,0,1,9
2025-09-30 01:01:41.562105,WT003,0.489608909168764,0.5061295301991059,0.7542161822810671,0.17391304347826086,0.14280800483764478,0.9999999999999999,mock,1,1,1,9
2025-09-30 02:01:41.562105,WT002,0.6888189511764358,0.3370405427849068,0.5650262420067955,0.17391304347826086,0.3849931301569125,0.9999999999999999,mock,0,2,1,9
2025-09-30 03:01:41.562105,WT004,0.8452783762807025,0.3430750046873364,0.5642956213826773,0.17391304347826086,0.8221470974717366,0.9999999999999999,mock,0,3,1,9
2025-09-30 04:01:41.562105,WT002,0.7181412442634485,0.3104857933108923,0.6609265523042875,0.17391304347826086,0.40747429714249983,0.9999999999999999,mock,0,4,1,9
2025-09-30 05:01:41.562105,WT002,0.7958235847374898,0.3523712251348706,0.534661210920381,0.21739130434782608,0.6012067988922396,0.9999999999999999,mock,0,5,1,9
2025-09-30 06:01:41.562105,WT004,0.8340011990356783,0.4087598620218259,0.8139673930693809,0.21739130434782608,0.7128212632577842,0.9999999999999999,mock,1,6,1,9
2025-09-30 07:01:41.562105,WT002,0.7137770561859005,0.3365553183764256,0.6193924125877359,0.21739130434782608,0.32995712154640056,0.9999999999999999,mock,0,7,1,9
2025-09-30 08:01:41.562105,WT002,0.7521533352435908,0.5792382955009999,0.21170383609179821,0.21739130434782608,0.5792338253699951,0.9999999999999999,mock,1,8,1,9
2025-09-30 09:01:41.562105,WT001,0.6899442831257753,0.32227958091187003,0.6184903990948736,0.21739130434782608,0.34861747028256085,0.9999999999999999,mock,0,9,1,9
2025-09-30 10:01:41.562105,WT003,0.6457311362156644,0.8325127684132573,0.511865052292829,0.21739130434782608,0.4575731780076371,0.9999999999999999,mock,1,10,1,9
2025-09-30 11:01:41.562105,WT001,0.4951494242464952,0.3995937123144243,0.41664404570015146,0.21739130434782608,0.07681041543433909,0.9999999999999999,mock,0,11,1,9
2025-09-30 12:01:41.562105,WT003,0.5105252351457684,0.19352297610011965,0.47991499351961275,0.17391304347826086,0.25106788457975737,0.9999999999999999,mock,0,12,1,9
2025-09-30 13:01:41.562105,WT004,0.49279029534418173,0.4951974860418543,0.6962808992890865,0.21739130434782608,0.2635082035188836,0.9999999999999999,mock,1,13,1,9
2025-09-30 14:01:41.562105,WT004,0.5285742810756164,0.18672404699473716,0.8921477215672491,0.21739130434782608,0.29254034873460655,0.9999999999999999,mock,1,14,1,9
2025-09-30 15:01:41.562105,WT004,0.4254056250689042,0.3457704177431977,0.7290170367156787,0.21739130434782608,0.0880141806863497,0.9999999999999999,mock,1,15,1,9
2025-09-30 16:01:41.562105,WT003,0.5068066474461971,0.2231469979315741,0.581271335836171,0.21739130434782608,0.1607954508668028,0.9999999999999999,mock,0,16,1,9
2025-09-30 17:01:41.562105,WT003,0.18285580972729487,0.30051725425619924,0.7519446256543176,0.21739130434782608,0.0,0.9999999999999999,mock,1,17,1,9
2025-09-30 18:01:41.562105,WT003,0.34169850596514684,0.3536996651301,0.6049529015340811,0.21739130434782608,0.07965361784954605,0.9999999999999999,mock,0,18,1,9
2025-09-30 19:01:41.562105,WT004,0.28000072360713724,0.28024973638962725,0.5671187621945051,0.21739130434782608,0.0,0.9999999999999999,mock,0,19,1,9
2025-09-30 20:01:41.562105,WT003,0.5105486606922764,0.3618406150533334,0.493259025739611,0.21739130434782608,0.09213073825020679,0.9999999999999999,mock,0,20,1,9
2025-09-30 21:01:41.562105,WT002,0.2447889918648205,0.10440132885976167,0.3972774900177918,0.21739130434782608,0.0,0.9999999999999999,mock,0,21,1,9
2025-09-30 22:01:41.562105,WT001,0.2944853269181077,0.08875322874464164,0.6160643544046396,0.21739130434782608,0.0,0.9999999999999999,mock,0,22,1,9
2025-09-30 23:01:41.562105,WT004,0.38065490272464597,0.17770146243631108,0.7040956075046805,0.2608695652173913,0.0,0.9999999999999999,mock,1,23,1,9
2025-10-01 00:01:41.562105,WT001,0.29099331549195817,0.10083684806453469,0.6631823182855823,0.2608695652173913,0.0,0.9999999999999999,mock,0,0,2,10
2025-10-01 01:01:41.562105,WT002,0.5204148140966721,0.31838429057410267,0.6118805718891109,0.2608695652173913,0.15725446782493124,0.9999999999999999,mock,0,1,2,10
2025-10-01 02:01:41.562105,WT003,0.55817930441013,0.23667279703916888,0.526772795102413,0.30434782608695654,0.24837407407544165,0.9999999999999999,mock,0,2,2,10
2025-10-01 03:01:41.562105,WT001,0.7040253293343167,0.7117479394952845,0.7764180105671747,0.30434782608695654,0.48818344095548727,0.9999999999999999,mock,1,3,2,10
2025-10-01 04:01:41.562105,WT002,0.7641766185165059,0.39454303555557524,0.4671105267025011,0.30434782608695654,0.6398237915013993,0.9999999999999999,mock,0,4,2,10
2025-10-01 05:01:41.562105,WT002,0.9464891738830908,0.5562937311856839,0.8033717512406637,0.34782608695652173,0.8631630310926488,0.9999999999999999,mock,1,5,2,10
2025-10-01 06:01:41.562105,WT001,0.8605975393184472,0.3209473154066159,0.5177008679334008,0.34782608695652173,0.6736049640968398,0.9999999999999999,mock,0,6,2,10
2025-10-01 07:01:41.562105,WT004,0.6958251102286415,0.4886823651207979,0.5578277260850832,0.34782608695652173,0.43582952005140796,0.9999999999999999,mock,0,7,2,10
2025-10-01 08:01:41.562105,WT001,0.6374514763805864,0.5390866924978126,0.4430690792989309,0.391304347826087,0.41692891689476785,0.9999999999999999,mock,1,8,2,10
2025-10-01 09:01:41.562105,WT004,0.7389236339033725,0.3392622133193728,0.5981556040796279,0.34782608695652173,0.633009498745267,0.9999999999999999,mock,0,9,2,10
2025-10-01 10:01:41.562105,WT003,0.5008440122536434,0.27823687708038713,0.8353863465565845,0.30434782608695654,0.1850800301525517,0.9999999999999999,mock,1,10,2,10
2025-10-01 11:01:41.562105,WT004,0.7612834824226883,0.4470470895812033,0.7615391292187619,0.30434782608695654,0.5051233028405897,0.9999999999999999,mock,1,11,2,10
2025-10-01 12:01:41.562105,WT003,0.6285401728172111,0.23511512014047908,0.835885905115731,0.34782608695652173,0.26597883140747736,0.9999999999999999,mock,1,12,2,10
2025-10-01 13:01:41.562105,WT001,0.39396094816902527,0.20613311460304723,0.7625856615558635,0.30434782608695654,0.0,0.9999999999999999,mock,1,13,2,10
2025-10-01 14:01:41.562105,WT003,0.20523684555101435,0.10711005467592793,0.5014027117011617,0.34782608695652173,0.0,0.9999999999999999,mock,0,14,2,10
2025-10-01 15:01:41.562105,WT002,0.4657274447986507,0.1661429294881821,0.6255641704658528,0.34782608695652173,0.17605606970256304,0.9999999999999999,mock,0,15,2,10
2025-10-01 16:01:41.562105,WT003,0.2750825441474519,0.1284517891578647,0.5533675219038541,0.34782608695652173,0.0,0.9999999999999999,mock,0,16,2,10
2025-10-01 17:01:41.562105,WT004,0.3877507390151339,0.1240519670898792,0.892458426312901,0.30434782608695654,0.0,0.9999999999999999,mock,1,17,2,10
2025-10-01 18:01:41.562105,WT004,0.08963720368611983,0.0,0.4864433917162474,0.30434782608695654,0.0,0.9999999999999999,mock,0,18,2,10
2025-10-01 19:01:41.562105,WT004,0.20001985408477124,0.0589471646376461,0.8222751250668572,0.30434782608695654,0.0,0.9999999999999999,mock,1,19,2,10
2025-10-01 20:01:41.562105,WT003,0.2873224619338892,0.4937651442923351,0.8221556322417012,0.30434782608695654,0.0,0.9999999999999999,mock,1,20,2,10
2025-10-01 21:01:41.562105,WT004,0.33218449487364865,0.1941735531031884,0.9726288844823783,0.30434782608695654,0.0,0.9999999999999999,mock,1,21,2,10
2025-10-01 22:01:41.562105,WT004,0.33430183045797945,0.5220939128461863,0.6128894930476401,0.2608695652173913,0.0,0.9999999999999999,mock,1,22,2,10
2025-10-01 23:01:41.562105,WT002,0.5055480896051826,0.23374151242993912,0.7931375710347881,0.21739130434782608,0.23469404493993262,0.9999999999999999,mock,1,23,2,10
2025-10-02 00:01:41.562105,WT003,0.39892736246732075,0.16693501381654902,1.0,0.17391304347826086,0.06446224943261714,0.9999999999999999,mock,1,0,3,10
2025-10-02 01:01:41.562105,WT002,0.5595895191965005,0.27283723328195775,0.5794819958425892,0.21739130434782608,0.29081038480430643,0.9999999999999999,mock,0,1,3,10
2025-10-02 02:01:41.562105,WT004,0.6480424822887083,0.29191884899625686,0.43210406427751824,0.21739130434782608,0.3927553077476633,0.9999999999999999,mock,0,2,3,10
2025-10-02 03:01:41.562105,WT004,0.7412247748345827,0.2696636901763323,0.376685476111118,0.17391304347826086,0.5158899480133234,0.9999999999999999,mock,0,3,3,10
2025-10-02 04:01:41.562105,WT004,0.8019701448141375,0.4095034556024505,0.7932002026216258,0.17391304347826086,0.8262730242340319,0.9999999999999999,mock,1,4,3,10
2025-10-02 05:01:41.562105,WT003,0.6398552069427292,0.24610602342268295,0.3761810144889466,0.17391304347826086,0.48233713876251794,0.9999999999999999,mock,0,5,3,10
2025-10-02 06:01:41.562105,WT001,0.6067184194953286,0.3246611241180781,0.6188925007739616,0.13043478260869565,0.3922491982137015,0.9999999999999999,mock,0,6,3,10
2025-10-02 07:01:41.562105,WT004,0.8853328809262829,0.44597039994475907,0.7489580237432447,0.13043478260869565,0.7370136808126213,0.9999999999999999,mock,1,7,3,10
2025-10-02 08:01:41.562105,WT004,0.7632118043539854,0.2851486450740329,0.7084527008133894,0.08695652173913043,0.6435681246814753,0.9999999999999999,mock,1,8,3,10
2025-10-02 09:01:41.562105,WT004,0.6121744723869025,0.21226964858433411,0.7470514054755233,0.08695652173913043,0.38127633502728075,0.9999999999999999,mock,1,9,3,10
2025-10-02 10:01:41.562105,WT004,0.7942525816534708,0.46905113553229105,0.7144150292240541,0.08695652173913043,0.5980858740478194,0.9999999999999999,mock,1,10,3,10
2025-10-02 11:01:41.562105,WT003,0.5859584265921421,0.27193502945316084,0.8841514820048415,0.08695652173913043,0.2680514463472867,0.9999999999999999,mock,1,11,3,10
2025-10-02 12:01:41.562105,WT001,0.6285255670302776,0.2183346735320441,0.5257172885771726,0.043478260869565216,0.34976537374016736,0.9999999999999999,mock,0,12,3,10
2025-10-02 13:01:41.562105,WT001,0.44880230448625424,0.808028325626526,0.569947001270874,0.043478260869565216,0.0,0.9999999999999999,mock,1,13,3,10
2025-10-02 14:01:41.562105,WT001,0.5908658648254571,0.20332432455028743,0.5545787544537881,0.043478260869565216,0.3223645819834189,0.9999999999999999,mock,0,14,3,10
2025-10-02 15:01:41.562105,WT004,0.5067509513810023,0.31299187983754595,0.8120730545905834,0.08695652173913043,0.1370810582123223,0.9999999999999999,mock,1,15,3,10
2025-10-02 16:01:41.562105,WT004,0.2613465804940803,0.5868640895537,0.8233516087968016,0.043478260869565216,0.0,0.9999999999999999,mock,1,16,3,10
2025-10-02 17:01:41.562105,WT001,0.3605448207841401,0.13896213389487844,0.7511929752078861,0.08695652173913043,0.0,0.9999999999999999,mock,1,17,3,10
2025-10-02 18:01:41.562105,WT001,0.31850847336689014,0.10705493067503014,0.8688301700699004,0.08695652173913043,0.0,0.9999999999999999,mock,1,18,3,10
2025-10-02 19:01:41.562105,WT004,0.4011179160446974,0.13681973466957498,0.48945517850812603,0.043478260869565216,0.02538510602892352,0.9999999999999999,mock,0,19,3,10
2025-10-02 20:01:41.562105,WT004,0.18818725697692268,0.08166279287288536,0.9465403329740121,0.043478260869565216,0.0,0.9999999999999999,mock,1,20,3,10
2025-10-02 21:01:41.562105,WT002,0.3974870776642524,0.13247481952960077,0.9234094012853022,0.043478260869565216,0.06825026986070448,0.9999999999999999,mock,1,21,3,10
2025-10-02 22:01:41.562105,WT002,0.48844481458916333,0.30453084556165755,0.7968806353810893,0.043478260869565216,0.182367662221806,0.9999999999999999,mock,1,22,3,10
2025-10-02 23:01:41.562105,WT002,0.2621886307253578,0.07337972120563874,0.9649465057814761,0.043478260869565216,0.0,0.9999999999999999,mock,1,23,3,10
2025-10-03 00:01:41.562105,WT001,0.38711104301616117,0.20517262351795412,0.41257204651113266,0.043478260869565216,0.0,0.9999999999999999,mock,0,0,4,10
2025-10-03 01:01:41.562105,WT003,0.36576221998136405,0.83097310715953,0.594453319866302,0.043478260869565216,0.0,0.9999999999999999,mock,1,1,4,10
2025-10-03 02:01:41.562105,WT004,0.6082212685477922,0.4159915166397534,0.5605799058799255,0.043478260869565216,0.20253965317886924,0.9999999999999999,mock,0,2,4,10
2025-10-03 03:01:41.562105,WT002,0.7619786203215698,0.38488351131133813,0.7946086480112369,0.043478260869565216,0.6137034099231602,0.9999999999999999,mock,1,3,4,10
2025-10-03 04:01:41.562105,WT003,0.8827710528393208,0.3581006797851435,0.5100020344575249,0.043478260869565216,0.7707369751186601,0.9999999999999999,mock,0,4,4,10
2025-10-03 05:01:41.562105,WT004,0.7623464954379996,0.3879224394797963,0.8003945060316457,0.043478260869565216,0.5953299996598296,0.9999999999999999,mock,1,5,4,10
2025-10-03 06:01:41.562105,WT003,0.9298976317799149,0.42541126795620865,0.8988781059118067,0.0,0.7910154866258379,0.9999999999999999,mock,1,6,4,10
2025-10-03 07:01:41.562105,WT001,0.6137514408286747,0.27529517568608564,0.7903874020947774,0.0,0.3740595116381147,0.9999999999999999,mock,1,7,4,10
2025-10-03 08:01:41.562105,WT001,0.5551969454803957,0.1993746431032316,0.7242886218817848,0.0,0.399121859978695,0.9999999999999999,mock,1,8,4,10
2025-10-03 09:01:41.562105,WT001,0.6829814801946487,0.5084745874507054,0.5200051462114064,0.0,0.4093620044231858,0.9999999999999999,mock,1,9,4,10
2025-10-03 10:01:41.562105,WT002,0.6749954404616699,0.30497112190461884,0.5426600604056016,0.0,0.436811752365974,0.9999999999999999,mock,0,10,4,10
2025-10-03 11:01:41.562105,WT004,0.5707975040891101,0.21525734004185793,0.8794530347363154,0.0,0.17431835140724217,0.9999999999999999,mock,1,11,4,10
2025-10-03 12:01:41.562105,WT001,0.2967619519100806,0.13710814777716152,0.8039052765801884,0.0,0.0,0.9999999999999999,mock,1,12,4,10
2025-10-03 13:01:41.562105,WT002,0.432796411366688,0.20080365417967871,0.6724362901605927,0.0,0.08454242290276825,0.9999999999999999,mock,0,13,4,10
2025-10-03 14:01:41.562105,WT002,0.2469957228100259,0.28211502668791977,0.6115684948867126,0.0,0.0,0.9999999999999999,mock,0,14,4,10
2025-10-03 15:01:41.562105,WT002,0.3958134210181625,0.2860815843907999,0.3532633947419881,0.0,0.0,0.9999999999999999,mock,0,15,4,10
2025-10-03 16:01:41.562105,WT002,0.32424698224682846,0.2759002043847403,0.5066747517254448,0.0,0.0,0.9999999999999999,mock,0,16,4,10
2025-10-03 17:01:41.562105,WT001,0.16522584034441257,0.02811447025311259,0.9857696838300343,1.0,0.0,0.9999999999999999,mock,1,17,4,10
2025-10-03 18:01:41.562105,WT002,0.2000528258144988,0.1087949526184196,0.47300249625420365,0.0,0.0,0.9999999999999999,mock,0,18,4,10
2025-10-03 19:01:41.562105,WT001,0.15303188571751913,0.10513505428708975,0.7091441740190039,0.0,0.0,0.9999999999999999,mock,1,19,4,10
2025-10-03 20:01:41.562105,WT001,0.2803818637807647,0.07490642243998624,0.840548199134997,0.043478260869565216,0.0,0.9999999999999999,mock,1,20,4,10
2025-10-03 21:01:41.562105,WT002,0.4249837593698973,0.16804511750379314,0.4771042973160493,0.043478260869565216,0.18202888614299595,0.9999999999999999,mock,0,21,4,10
2025-10-03 22:01:41.562105,WT001,0.27956608691928986,0.253290411967248,0.708377989684549,0.043478260869565216,0.0,0.9999999999999999,mock,1,22,4,10
2025-10-03 23:01:41.562105,WT004,0.49340832487291264,0.1757688662407748,0.8293786187971333,0.043478260869565216,0.2291146203876515,0.9999999999999999,mock,1,23,4,10
2025-10-04 00:01:41.562105,WT004,0.45383704668026026,0.23855312540331175,0.6807126713415963,0.08695652173913043,0.0,0.9999999999999999,mock,1,0,5,10
2025-10-04 01:01:41.562105,WT003,0.49311974579986473,0.18768623476164004,1.0,0.08695652173913043,0.2238228721302138,0.9999999999999999,mock,1,1,5,10
2025-10-04 02:01:41.562105,WT004,0.6248134866082412,0.21080633927400932,0.4106481219370146,0.08695652173913043,0.41361138636142036,0.9999999999999999,mock,0,2,5,10
2025-10-04 03:01:41.562105,WT001,0.5828727244331102,0.2276100708830452,0.8487869430443937,0.08695652173913043,0.32681655431114476,0.9999999999999999,mock,1,3,5,10
2025-10-04 04:01:41.562105,WT001,0.6726808539757644,0.7006757122191324,0.6509444901908705,0.08695652173913043,0.32935230982662045,0.9999999999999999,mock,1,4,5,10
2025-10-04 05:01:41.562105,WT004,0.632371706763849,0.4173784030192367,0.8027118493777312,0.08695652173913043,0.38566944229756017,0.9999999999999999,mock,1,5,5,10
2025-10-04 06:01:41.562105,WT002,0.9642425304664598,0.7510243553853669,0.7495996448109481,0.13043478260869565,0.7315657586739852,0.9999999999999999,mock,1,6,5,10
2025-10-04 07:01:41.562105,WT002,0.7583785794453118,0.3471859067061124,0.5609248587432742,0.08695652173913043,0.5208272957957907,0.9999999999999999,mock,0,7,5,10
2025-10-04 08:01:41.562105,WT001,0.6577542569096104,0.23708725832872135,0.7154924186296725,0.08695652173913043,0.49386328435433224,0.9999999999999999,mock,1,8,5,10
2025-10-04 09:01:41.562105,WT002,0.7105227905128618,0.3440113837531025,0.3802371681068404,0.043478260869565216,0.5484095464675456,0.9999999999999999,mock,0,9,5,10
2025-10-04 10:01:41.562105,WT003,0.6242721494250262,0.2858865760847463,0.775614982548098,0.0,0.35247639821564314,0.9999999999999999,mock,1,10,5,10
2025-10-04 11:01:41.562105,WT003,0.5515588957858545,0.4161053236500012,0.726603143745721,0.043478260869565216,0.15686480864623897,0.9999999999999999,mock,1,11,5,10
2025-10-04 12:01:41.562105,WT004,0.5707784811120457,0.20089020523201878,0.7813039447275387,0.0,0.3334345032768222,0.9999999999999999,mock,1,12,5,10
2025-10-04 13:01:41.562105,WT004,0.5193079105284303,0.25232094010434103,0.8486889150730681,0.0,0.20182193004060323,0.9999999999999999,mock,1,13,5,10
2025-10-04 14:01:41.562105,WT002,0.3260826208563319,0.11122202561096978,0.7377619508162514,0.043478260869565216,0.0,0.9999999999999999,mock,1,14,5,10
2025-10-04 15:01:41.562105,WT001,0.2685446474094706,0.11753850200269039,0.7024949029782168,0.043478260869565216,0.0,0.9999999999999999,mock,1,15,5,10
2025-10-04 16:01:41.562105,WT004,0.25868085999733104,0.23340608634668503,0.5371631199755664,0.043478260869565216,0.0,0.9999999999999999,mock,0,16,5,10
2025-10-04 17:01:41.562105,WT003,0.026047504142170996,0.05339995022203209,0.0,0.043478260869565216,0.0,0.24139940885889133,mock,0,17,5,10
2025-10-04 18:01:41.562105,WT004,0.09773388698470048,0.059693910363484204,0.8693508216243111,0.043478260869565216,0.0,0.9999999999999999,mock,1,18,5,10
2025-10-04 19:01:41.562105,WT004,0.40093834975946896,0.18396429214549498,0.9094486031853002,0.043478260869565216,0.0,0.9999999999999999,mock,1,19,5,10
2025-10-04 20:01:41.562105,WT003,0.45487541861124015,0.2197847510996112,0.640452800681147,0.043478260869565216,0.13297209163020196,0.9999999999999999,mock,0,20,5,10
2025-10-04 21:01:41.562105,WT001,0.30193643988285945,0.27598490717591706,0.6860949181491311,0.043478260869565216,0.0,0.9999999999999999,mock,1,21,5,10
2025-10-04 22:01:41.562105,WT004,0.4392058404326694,0.4179281004917399,0.5333805040687989,0.043478260869565216,0.0,0.9999999999999999,mock,0,22,5,10
2025-10-04 23:01:41.562105,WT004,0.47370769229917264,0.5435227030171734,0.8671053248248595,0.043478260869565216,0.04449995601105161,0.9999999999999999,mock,1,23,5,10
2025-10-05 00:01:41.562105,WT004,0.8226319227628717,0.4839276426802469,0.7856023386896105,0.08695652173913043,0.8897175971144453,0.9999999999999999,mock,1,0,6,10
2025-10-05 01:01:41.562105,WT002,0.6885406039771205,0.28263535749582036,0.9905567188529498,0.08695652173913043,0.41547596992114033,0.9999999999999999,mock,1,1,6,10
2025-10-05 02:01:41.562105,WT004,0.6226791534097257,0.3562015191954859,0.5376041394811195,0.08695652173913043,0.4159635336424101,0.9999999999999999,mock,0,2,6,10
2025-10-05 03:01:41.562105,WT003,0.5910169522661242,0.26883665814127,0.6179786009760155,0.08695652173913043,0.24343263038063956,0.9999999999999999,mock,0,3,6,10
2025-10-05 04:01:41.562105,WT001,0.565102230288755,0.22282316232966765,0.7158859298973348,0.08695652173913043,0.0738397746866728,0.9999999999999999,mock,1,4,6,10
2025-10-05 05:01:41.562105,WT001,0.7755658750713893,0.5022736664290133,0.7825617145321182,0.08695652173913043,0.5531414449078897,0.9999999999999999,mock,1,5,6,10
2025-10-05 06:01:41.562105,WT003,0.686193111842617,0.23861011006944255,0.6440581837353987,0.13043478260869565,0.4157745348663249,0.9999999999999999,mock,0,6,6,10
2025-10-05 07:01:41.562105,WT002,0.6094441706475804,0.4974650836699184,0.5384655300893995,0.08695652173913043,0.2929955112517144,0.9999999999999999,mock,1,7,6,10
2025-10-05 08:01:41.562105,WT003,0.6631855851024164,0.3030046824301815,0.8203007395750288,0.08695652173913043,0.39654089621880395,0.9999999999999999,mock,1,8,6,10
2025-10-05 09:01:41.562105,WT001,0.5781410417048174,0.3193230086204648,0.7945533914482197,0.08695652173913043,0.30898596187326266,0.9999999999999999,mock,1,9,6,10
2025-10-05 10:01:41.562105,WT003,0.8081484991027651,0.4186751534032288,0.5315073964662926,0.08695652173913043,0.6018778053442722,0.9999999999999999,mock,0,10,6,10
2025-10-05 11:01:41.562105,WT002,0.6642275254978427,0.5109245460535282,0.896453395729123,0.043478260869565216,0.2924142007325041,0.9999999999999999,mock,1,11,6,10
2025-10-05 12:01:41.562105,WT001,0.5072060230435237,0.290961240825635,0.866694366256942,0.043478260869565216,0.2273066678522062,0.9999999999999999,mock,1,12,6,10
2025-10-05 13:01:41.562105,WT002,0.5931290893649538,0.3173919057212975,0.7002791022773276,0.043478260869565216,0.12712104825748116,0.9999999999999999,mock,1,13,6,10
2025-10-05 14:01:41.562105,WT003,0.388196930121931,0.12402243127979329,0.6914918947045363,0.043478260869565216,0.0,0.9999999999999999,mock,1,14,6,10
2025-10-05 15:01:41.562105,WT004,0.2393746984782953,0.148835340520939,0.7677127677270481,0.08695652173913043,0.0,0.9999999999999999,mock,1,15,6,10
2025-10-05 16:01:41.562105,WT003,0.44242499321567175,0.1574521485349314,0.5402741046647161,0.08695652173913043,0.13600354088418665,0.9999999999999999,mock,0,16,6,10
2025-10-05 17:01:41.562105,WT002,0.31633395746666715,0.25634342107353747,0.6835291713397371,0.08695652173913043,0.0,0.9999999999999999,mock,1,17,6,10
2025-10-05 18:01:41.562105,WT003,0.14657203399585156,0.11035447153837741,0.33292930959115474,0.08695652173913043,0.0,0.9999999999999999,mock,0,18,6,10
2025-10-05 19:01:41.562105,WT004,0.2418166737906503,0.20174403478873126,0.8195052311021866,0.13043478260869565,0.0,0.9999999999999999,mock,1,19,6,10
2025-10-05 20:01:41.562105,WT002,0.1973127874847922,0.044851720858082755,0.42785445581850245,0.13043478260869565,0.0,0.9999999999999999,mock,0,20,6,10
2025-10-05 21:01:41.562105,WT003,0.18608434704770543,0.046231039669617946,0.9202255585654511,0.08695652173913043,0.0,0.9999999999999999,mock,1,21,6,10
2025-10-05 22:01:41.562105,WT002,0.47493134189010267,0.3095310433807499,0.625671664691076,0.043478260869565216,0.0682679872489782,0.9999999999999999,mock,0,22,6,10
2025-10-05 23:01:41.562105,WT002,0.6370141498059138,0.2235950962190404,0.6447008796895384,0.08695652173913043,0.4293652227154092,0.9999999999999999,mock,0,23,6,10
2025-10-06 00:01:41.562105,WT001,0.3651099809517966,0.11547940839904552,0.5778607028683078,0.08695652173913043,0.10932330526603873,0.9999999999999999,mock,0,0,0,10
2025-10-06 01:01:41.562105,WT001,0.6316646140405074,0.2135260852589832,0.6324319141253292,0.13043478260869565,0.3231728087111725,0.9999999999999999,mock,0,1,0,10
2025-10-06 02:01:41.562105,WT002,0.5692652161881859,0.5848361558613111,0.9065884225587091,0.13043478260869565,0.34144866738131485,0.9999999999999999,mock,1,2,0,10
2025-10-06 03:01:41.562105,WT003,0.6388813044774091,0.3844979642757267,0.2790440510187957,0.13043478260869565,0.19620219247936133,0.9999999999999999,mock,0,3,0,10
2025-10-06 04:01:41.562105,WT003,0.6687217880621892,0.2819760618532493,0.8838461828224395,0.13043478260869565,0.4756459390996659,0.9999999999999999,mock,1,4,0,10
2025-10-06 05:01:41.562105,WT003,0.6664895059603317,0.27042741330341524,0.7330073650484232,0.13043478260869565,0.33794816446652365,0.9999999999999999,mock,1,5,0,10
2025-10-06 06:01:41.562105,WT004,0.7684378949578664,0.3208901792311276,0.4847994840048968,0.13043478260869565,0.5867760236552306,0.9999999999999999,mock,0,6,0,10
2025-10-06 07:01:41.562105,WT002,0.6698657199446367,0.41615821157378574,0.505958267290235,0.13043478260869565,0.39392052519891596,0.9999999999999999,mock,0,7,0,10
2025-10-06 08:01:41.562105,WT002,0.756891012347288,0.39906838773111153,0.948013297798179,0.13043478260869565,0.6632608219981393,0.9999999999999999,mock,1,8,0,10
2025-10-06 09:01:41.562105,WT004,0.6835240333335858,0.2585572423441199,0.5268112189303231,0.13043478260869565,0.3559825854291099,0.9999999999999999,mock,0,9,0,10
2025-10-06 10:01:41.562105,WT002,0.6113336581161756,0.22816849630068042,0.4934216264932454,0.13043478260869565,0.3901396653176519,0.9999999999999999,mock,0,10,0,10
2025-10-06 11:01:41.562105,WT002,0.4814002201530113,0.16543244705099486,0.8614116018792299,0.13043478260869565,0.11980623721469885,0.9999999999999999,mock,1,11,0,10
2025-10-06 12:01:41.562105,WT004,0.44908410658854314,0.2764055454578296,0.7330924111447756,0.13043478260869565,0.08444274360280968,0.9999999999999999,mock,1,12,0,10
2025-10-06 13:01:41.562105,WT001,0.5190916404817025,0.35061093304815716,0.5280291375650377,0.17391304347826086,0.18283353207223163,0.9999999999999999,mock,0,13,0,10
2025-10-06 14:01:41.562105,WT002,0.43147669338755223,0.1715241127407478,0.713504979457118,0.21739130434782608,0.0,0.9999999999999999,mock,1,14,0,10
2025-10-06 15:01:41.562105,WT004,0.22749370085573783,0.05412566150387865,0.5139199185242158,0.17391304347826086,0.0,0.9999999999999999,mock,0,15,0,10
2025-10-06 16:01:41.562105,WT003,0.29693677747968816,0.0898999191068568,0.8555490637819809,0.17391304347826086,0.0,0.9999999999999999,mock,1,16,0,10
2025-10-06 17:01:41.562105,WT001,0.33804563737651383,0.5313786322466841,0.8492114440361029,0.17391304347826086,0.0,0.9999999999999999,mock,1,17,0,10
2025-10-06 18:01:41.562105,WT003,0.08197571785074242,0.03805712018388885,0.7641702342889141,0.21739130434782608,0.0,0.9999999999999999,mock,1,18,0,10
2025-10-06 19:01:41.562105,WT002,0.3167886898272837,0.2728927716530801,0.7368046869330058,0.21739130434782608,0.0,0.9999999999999999,mock,1,19,0,10
2025-10-06 20:01:41.562105,WT001,0.2190773387136905,0.1723905603364027,0.9616354316235145,0.21739130434782608,0.0,0.9999999999999999,mock,1,20,0,10
2025-10-06 21:01:41.562105,WT004,0.385689692010323,0.17530818245132984,0.6786542937836977,0.21739130434782608,0.0,0.9999999999999999,mock,0,21,0,10
2025-10-06 22:01:41.562105,WT002,0.30229856191771165,0.11036197095829026,0.488839374581842,0.17391304347826086,0.0,0.9999999999999999,mock,0,22,0,10
2025-10-06 23:01:41.562105,WT004,0.257473610770791,0.07976322800104524,0.7509116158581568,0.17391304347826086,0.0,0.9999999999999999,mock,1,23,0,10
2025-10-07 00:01:41.562105,WT001,0.34171249749956234,0.21788224826561903,1.0,0.17391304347826086,0.0,0.9999999999999999,mock,1,0,1,10
2025-10-07 01:01:41.562105,WT003,0.5790518667635618,0.3800750728470441,0.5156859488216217,0.21739130434782608,0.34296414738491654,0.9999999999999999,mock,0,1,1,10
2025-10-07 02:01:41.562105,WT002,0.6622896263897915,0.35511280794873423,0.6206365377306198,0.2608695652173913,0.2301381393412789,0.9999999999999999,mock,0,2,1,10
2025-10-07 03:01:41.562105,WT002,0.5962511878243698,0.29376158342816894,0.7456057651430776,0.30434782608695654,0.3193045380223225,0.9999999999999999,mock,1,3,1,10
2025-10-07 04:01:41.562105,WT004,0.7945084487259347,0.2820996775287412,0.6700449968213893,0.30434782608695654,0.5529913327146134,0.9999999999999999,mock,0,4,1,10
2025-10-07 05:01:41.562105,WT001,0.5849950655015345,0.6319748921595927,0.5208999151935738,0.30434782608695654,0.224832494697512,0.9999999999999999,mock,1,5,1,10
2025-10-07 06:01:41.562105,WT004,0.7567275048534642,0.46498214216864475,0.8589285214556024,0.30434782608695654,0.6658228040287248,0.9999999999999999,mock,1,6,1,10
2025-10-07 07:01:41.562105,WT001,0.6310291868067287,0.25567446848420483,1.0,0.34782608695652173,0.3007315235709844,0.9999999999999999,mock,1,7,1,10
2025-10-07 08:01:41.562105,WT002,0.6626477697983424,0.7202932259944723,0.7102127440520496,0.34782608695652173,0.3321968460247082,0.9999999999999999,mock,1,8,1,10
2025-10-07 09:01:41.562105,WT001,0.69350091429661,0.3533614235836524,0.5334682313863763,0.391304347826087,0.45765546478630204,0.9999999999999999,mock,0,9,1,10
2025-10-07 10:01:41.562105,WT002,0.5478300741605743,0.28944699403050234,0.42986780429889704,0.34782608695652173,0.304088620385919,0.9999999999999999,mock,0,10,1,10
2025-10-07 11:01:41.562105,WT001,0.5348430896658137,0.3483836983525842,0.7201479216860376,0.34782608695652173,0.20937802317818366,0.9999999999999999,mock,1,11,1,10
2025-10-07 12:01:41.562105,WT003,0.6108473515010355,0.4155430986692503,0.8560399941712769,0.34782608695652173,0.4389520108398379,0.9999999999999999,mock,1,12,1,10
2025-10-07 13:01:41.562105,WT001,0.3829541137512499,0.24871826726403556,0.7550392700540534,0.34782608695652173,0.052628273709861895,0.9999999999999999,mock,1,13,1,10
2025-10-07 14:01:41.562105,WT003,0.46568521136983887,0.16343890493200003,0.6783185131409186,0.34782608695652173,0.0,0.9999999999999999,mock,0,14,1,10
2025-10-07 15:01:41.562105,WT001,0.21194629660916092,0.0976359466762145,0.5840395739315767,0.34782608695652173,0.0,0.9999999999999999,mock,0,15,1,10
2025-10-07 16:01:41.562105,WT001,0.34092395727043023,0.4303660704669504,0.5032511551077059,0.391304347826087,0.0,0.9999999999999999,mock,0,16,1,10
2025-10-07 17:01:41.562105,WT004,0.4085708901277283,0.15563335730992522,0.8128055299093013,0.34782608695652173,0.08474665944151516,0.9999999999999999,mock,1,17,1,10
2025-10-07 18:01:41.562105,WT004,0.0,0.020119167039430952,0.08164595130892072,0.34782608695652173,0.0,0.0,mock,0,18,1,10
2025-10-07 19:01:41.562105,WT002,0.17983651915548887,0.10427209232169304,0.4303868148495873,0.34782608695652173,0.0,0.9999999999999999,mock,0,19,1,10
2025-10-07 20:01:41.562105,WT004,0.3457539680459609,0.17182317784356177,0.9341085925554689,0.34782608695652173,0.0,0.9999999999999999,mock,1,20,1,10
2025-10-07 21:01:41.562105,WT001,0.3066359319381796,0.2032682766532941,0.770927881556855,0.34782608695652173,0.0,0.9999999999999999,mock,1,21,1,10
2025-10-07 22:01:41.562105,WT004,0.4182161890513121,0.4907198961057846,0.9035462860583463,0.34782608695652173,0.1631583450269114,0.9999999999999999,mock,1,22,1,10
2025-10-07 23:01:41.562105,WT001,0.38018562017326274,0.1470160452201551,0.4630950053949414,0.391304347826087,0.21522860261567422,0.9999999999999999,mock,0,23,1,10
2025-10-08 00:01:41.562105,WT003,0.5168687555528317,0.18281374688790397,0.45928823312513467,0.43478260869565216,0.2765520546174156,0.9999999999999999,mock,0,0,2,10
2025-10-08 01:01:41.562105,WT001,0.5582307067542518,0.21071502314150026,0.6547731138673485,0.4782608695652174,0.343244883636864,0.9999999999999999,mock,0,1,2,10
2025-10-08 02:01:41.562105,WT002,0.7550784511114416,0.5374713158599693,0.7594758250743672,0.5217391304347826,0.5513176499932013,0.9999999999999999,mock,1,2,2,10
2025-10-08 03:01:41.562105,WT003,0.7146551919203129,0.3765937725161974,0.9672858431825846,0.5652173913043478,0.46813335790180854,0.9999999999999999,mock,1,3,2,10
2025-10-08 04:01:41.562105,WT002,0.7637522178338775,0.3071588863628384,0.7921346082260468,0.6086956521739131,0.508063264658875,0.9999999999999999,mock,1,4,2,10
2025-10-08 05:01:41.562105,WT002,0.7126881368908521,0.4588415677734712,0.6397185058609995,0.6086956521739131,0.40238974360734425,0.9999999999999999,mock,0,5,2,10
2025-10-08 06:01:41.562105,WT002,0.7136544033412937,0.49517326881566814,0.5138208753835709,0.6086956521739131,0.4165631876757738,0.9999999999999999,mock,1,6,2,10
2025-10-08 07:01:41.562105,WT004,0.7105748545250817,0.48103810315386963,0.8763013955593073,0.6521739130434783,0.35115269516007586,0.9999999999999999,mock,1,7,2,10
2025-10-08 08:01:41.562105,WT002,0.7695613042595731,0.5854226156625268,0.5237270175145836,0.6521739130434783,0.553175145945032,0.9999999999999999,mock,1,8,2,10
2025-10-08 09:01:41.562105,WT003,0.645639822223381,0.25440057728635257,0.9403143435537458,0.6086956521739131,0.22700852890308787,0.9999999999999999,mock,1,9,2,10
2025-10-08 10:01:41.562105,WT001,0.6653604852186868,0.4037843109947924,0.6330189567024198,0.6521739130434783,0.42775105639351163,0.9999999999999999,mock,0,10,2,10
2025-10-08 11:01:41.562105,WT002,0.7862103655496414,0.35165042765982535,0.9342279689362667,0.6521739130434783,0.5807664103116035,0.9999999999999999,mock,1,11,2,10
2025-10-08 12:01:41.562105,WT003,0.5970353834003035,0.4322613453032218,0.787773406056925,0.6956521739130435,0.3253915014180615,0.9999999999999999,mock,1,12,2,10
2025-10-08 13:01:41.562105,WT002,0.4085887518411284,0.2887395938621655,0.656696680056529,0.6956521739130435,0.0,0.9999999999999999,mock,0,13,2,10
2025-10-08 14:01:41.562105,WT001,0.503035557828943,0.35090563549746523,0.5952648739903981,0.6956521739130435,0.4593870987427038,0.9999999999999999,mock,0,14,2,10
2025-10-08 15:01:41.562105,WT003,0.285685223015818,0.20996534317887733,0.6239386325591156,0.6956521739130435,0.0,0.9999999999999999,mock,0,15,2,10
2025-10-08 16:01:41.562105,WT003,0.07852367234520485,0.017042728292957,0.7196640391756373,0.6956521739130435,0.0,0.9625615797917167,mock,1,16,2,10
2025-10-08 17:01:41.562105,WT001,0.1582562498745002,0.12382629954174323,0.6910996949495583,0.6956521739130435,0.0,0.9999999999999999,mock,1,17,2,10
2025-10-08 18:01:41.562105,WT003,0.061397299368315617,0.5153862443769426,0.40016192730073974,0.7391304347826088,0.0,0.7537845538854154,mock,1,18,2,10
2025-10-08 19:01:41.562105,WT001,0.22534724658637006,0.40203118475281774,0.6520963864411922,0.7391304347826088,0.0,0.9999999999999999,mock,0,19,2,10
2025-10-08 20:01:41.562105,WT003,0.2886686985445316,0.08133784999357563,0.6913279003292803,0.7391304347826088,0.0,0.9999999999999999,mock,1,20,2,10
2025-10-08 21:01:41.562105,WT003,0.4986883020200199,0.18200536275080503,0.33672853837131567,0.7391304347826088,0.21009029354875786,0.9999999999999999,mock,0,21,2,10
2025-10-08 22:01:41.562105,WT001,0.4136977821201846,0.1433186727230597,0.7523083190382218,0.7391304347826088,0.0,0.9999999999999999,mock,1,22,2,10
2025-10-08 23:01:41.562105,WT001,0.4195145327646421,0.2919118673176374,0.5213147645818421,0.782608695652174,0.14538388236780753,0.9999999999999999,mock,0,23,2,10
2025-10-09 00:01:41.562105,WT003,0.5927723719276943,0.4124832985347585,0.4934245354030704,0.7391304347826088,0.39708190626893947,0.9999999999999999,mock,0,0,3,10
2025-10-09 01:01:41.562105,WT003,0.34819653352403857,0.12984859844915259,0.40763676741865096,0.7391304347826088,0.08007877783316764,0.9999999999999999,mock,0,1,3,10
2025-10-09 02:01:41.562105,WT001,0.6598261891297397,0.3125778313363614,0.3905200565647966,0.6956521739130435,0.3239084011732982,0.9999999999999999,mock,0,2,3,10
2025-10-09 03:01:41.562105,WT004,0.7674273518524682,0.4989066990131348,0.4609552180126415,0.6956521739130435,0.6007628245915173,0.9999999999999999,mock,1,3,3,10
2025-10-09 04:01:41.562105,WT001,0.5781674372014128,0.35812768745361057,0.5648021284342395,0.6956521739130435,0.3428600215443165,0.9999999999999999,mock,0,4,3,10
2025-10-09 05:01:41.562105,WT003,0.871648164871872,0.40641619216601677,0.9924911899236917,0.7391304347826088,0.6634708170607606,0.9999999999999999,mock,1,5,3,10
2025-10-09 06:01:41.562105,WT003,0.7980685713808459,0.3912741645264103,0.5942233463773952,0.7391304347826088,0.5302433626754197,0.9999999999999999,mock,0,6,3,10
2025-10-09 07:01:41.562105,WT003,0.7123395938552388,0.3340819520329763,0.707259822786038,0.6956521739130435,0.6257214465411425,0.9999999999999999,mock,1,7,3,10
2025-10-09 08:01:41.562105,WT001,0.7939147012575164,0.32122452429923154,0.743041081257958,0.6956521739130435,0.6160982134788784,0.9999999999999999,mock,1,8,3,10
2025-10-09 09:01:41.562105,WT003,0.9206851912714688,0.43236991298217986,0.6997599997286716,0.7391304347826088,0.836055353854793,0.9999999999999999,mock,1,9,3,10
2025-10-09 10:01:41.562105,WT004,0.6543339922620167,0.3690807274217799,0.66626357398248,0.7391304347826088,0.3187908409172897,0.9999999999999999,mock,0,10,3,10
2025-10-09 11:01:41.562105,WT002,0.5995024534941015,0.4612678132196063,0.486683541140986,0.782608695652174,0.20338672534949964,0.9999999999999999,mock,0,11,3,10
2025-10-09 12:01:41.562105,WT004,0.46108153097103477,0.2725082014549641,0.9117927967108503,0.782608695652174,0.06392274048172375,0.9999999999999999,mock,1,12,3,10
2025-10-09 13:01:41.562105,WT001,0.35506283569880415,0.28371920331360545,0.9690265923993002,0.7391304347826088,0.0,0.9999999999999999,mock,1,13,3,10
2025-10-09 14:01:41.562105,WT003,0.465137885634642,0.1679605558255718,0.40838950659607964,0.7391304347826088,0.024290608380216905,0.9999999999999999,mock,0,14,3,10
2025-10-09 15:01:41.562105,WT001,0.23990609173107919,0.13489337154260883,0.5141968899868266,0.7391304347826088,0.0,0.9999999999999999,mock,0,15,3,10
2025-10-09 16:01:41.562105,WT002,0.29409953975873226,0.07908638489305247,0.6337538084445442,0.6956521739130435,0.0,0.9999999999999999,mock,0,16,3,10
2025-10-09 17:01:41.562105,WT001,0.212457398207186,0.08139690821718837,0.523753947016476,0.6956521739130435,0.0,0.9999999999999999,mock,0,17,3,10
2025-10-09 18:01:41.562105,WT003,0.30150551293301187,0.24526091078461332,0.7599868656052595,0.7391304347826088,0.0,0.9999999999999999,mock,1,18,3,10
2025-10-09 19:01:41.562105,WT002,0.29536097747650136,0.6878345062618253,0.5617094610527045,0.7391304347826088,0.0,0.9999999999999999,mock,1,19,3,10
2025-10-09 20:01:41.562105,WT002,0.3928062424272293,0.13035230089294353,1.0,0.7391304347826088,0.0,0.9999999999999999,mock,1,20,3,10
2025-10-09 21:01:41.562105,WT003,0.2752685186549013,0.1355258262596039,0.8699635276407376,0.782608695652174,0.0,0.9999999999999999,mock,1,21,3,10
2025-10-09 22:01:41.562105,WT003,0.35271435405916995,0.3053625907439109,0.7128542046678659,0.782608695652174,0.0,0.9999999999999999,mock,1,22,3,10
2025-10-09 23:01:41.562105,WT003,0.3418893885413311,0.12582431585972925,0.8436876222700458,0.782608695652174,0.0,0.9999999999999999,mock,1,23,3,10
2025-10-10 00:01:41.562105,WT001,0.46262119711066707,0.24755805534683561,0.8563649974019052,0.782608695652174,0.17770126040942102,0.9999999999999999,mock,1,0,4,10
2025-10-10 01:01:41.562105,WT004,0.6126923072993048,0.37196936937292424,0.5881078415187648,0.782608695652174,0.4197233074331963,0.9999999999999999,mock,0,1,4,10
2025-10-10 02:01:41.562105,WT001,0.7131020845294543,0.3657221002461357,0.5475812960253124,0.7391304347826088,0.4332736381327362,0.9999999999999999,mock,0,2,4,10
2025-10-10 03:01:41.562105,WT001,0.5944273429105774,0.22360846537946938,0.691258184587443,0.782608695652174,0.20213004921838196,0.9999999999999999,mock,1,3,4,10
2025-10-10 04:01:41.562105,WT004,0.8181142434526462,0.3417350347895225,0.8171245097641582,0.8260869565217391,0.654628541472988,0.9999999999999999,mock,1,4,4,10
2025-10-10 05:01:41.562105,WT003,0.8932992229018261,0.5101586080661539,0.7010444118797645,0.8260869565217391,0.6625203297243552,0.9999999999999999,mock,1,5,4,10
2025-10-10 06:01:41.562105,WT003,0.8057260591183254,0.383597687570955,0.4253638934527326,0.782608695652174,0.5645605304845089,0.9999999999999999,mock,0,6,4,10
2025-10-10 07:01:41.562105,WT004,0.9465530359296589,0.3377222663503361,0.5497328180706269,0.782608695652174,0.9366254226430291,0.9999999999999999,mock,0,7,4,10
2025-10-10 08:01:41.562105,WT004,0.650186159886104,0.40087523730455576,0.666821117282574,0.782608695652174,0.4643819869439332,0.9999999999999999,mock,0,8,4,10
2025-10-10 09:01:41.562105,WT001,0.5614742065798817,0.1886604923838598,0.666549182448934,0.782608695652174,0.2752345483298757,0.9999999999999999,mock,0,9,4,10
2025-10-10 10:01:41.562105,WT002,0.45399414067762256,0.31509743344812235,0.9955889650151111,0.7391304347826088,0.0,0.9999999999999999,mock,1,10,4,10
2025-10-10 11:01:41.562105,WT004,0.727009614949379,0.2785497309861208,0.4560489679754012,0.7391304347826088,0.5183443490867405,0.9999999999999999,mock,0,11,4,10
2025-10-10 12:01:41.562105,WT001,0.5748861565065473,0.5917377806946768,0.7599264120249338,0.7391304347826088,0.37767377624452414,0.9999999999999999,mock,1,12,4,10
2025-10-10 13:01:41.562105,WT002,0.43622317716102554,0.19253971072477666,0.9179272174915738,0.7391304347826088,0.0459639285293556,0.9999999999999999,mock,1,13,4,10
2025-10-10 14:01:41.562105,WT003,0.4088993667100136,0.1737129395714873,1.0,0.7391304347826088,0.16533294079217953,0.9999999999999999,mock,1,14,4,10
2025-10-10 15:01:41.562105,WT003,0.21237728748798934,0.06588423549683814,0.6137391857303651,0.7391304347826088,0.0,0.9999999999999999,mock,0,15,4,10
2025-10-10 16:01:41.562105,WT001,0.5367024640899496,0.22052066460038144,0.7576516750696496,0.7391304347826088,0.37796712320744286,0.9999999999999999,mock,1,16,4,10
2025-10-10 17:01:41.562105,WT001,0.27447046121962504,0.33553901121646523,0.7702353514014333,0.7391304347826088,0.0,0.9999999999999999,mock,1,17,4,10
2025-10-10 18:01:41.562105,WT004,0.2637399717865001,0.7772409006327657,0.7101083668557369,0.782608695652174,0.0,0.9999999999999999,mock,1,18,4,10
2025-10-10 19:01:41.562105,WT003,0.33542764166370853,0.1525769066594334,0.6628254344978215,0.782608695652174,0.06540579461056728,0.9999999999999999,mock,0,19,4,10
2025-10-10 20:01:41.562105,WT001,0.3359379124028743,0.1700242828308317,0.7487431097021107,0.782608695652174,0.0,0.9999999999999999,mock,1,20,4,10
2025-10-10 21:01:41.562105,WT003,0.35026113007560966,0.26260724004169833,0.27190528218538246,0.8260869565217391,0.0,0.9999999999999999,mock,0,21,4,10
2025-10-10 22:01:41.562105,WT003,0.2995176038054371,0.35570349549791913,0.7882775505369297,0.8695652173913043,0.0,0.9999999999999999,mock,1,22,4,10
2025-10-10 23:01:41.562105,WT004,0.49007937029635074,0.26977598178284123,0.6989748692337603,0.8695652173913043,0.17990490475394072,0.9999999999999999,mock,1,23,4,10
2025-10-11 00:01:41.562105,WT002,0.7003327967486325,0.3022697194551497,0.6429646134844846,0.8695652173913043,0.3419281552784448,0.9999999999999999,mock,0,0,5,10
2025-10-11 01:01:41.562105,WT004,0.7116182803150382,0.3112279975739757,1.0,0.8695652173913043,0.4636040595586832,0.9999999999999999,mock,1,1,5,10
2025-10-11 02:01:41.562105,WT001,0.7985478350121648,0.42913871759029043,0.5702781153178216,0.8260869565217391,0.7026304606721874,0.9999999999999999,mock,0,2,5,10
2025-10-11 03:01:41.562105,WT004,0.6364196708551872,0.2142785003240822,0.6139514710264069,0.8260869565217391,0.16718602833352003,0.9999999999999999,mock,0,3,5,10
2025-10-11 04:01:41.562105,WT004,0.6281333356804909,0.3331677690161591,0.9986430577836964,0.8260869565217391,0.49765524781203396,0.9999999999999999,mock,1,4,5,10
2025-10-11 05:01:41.562105,WT003,0.7419218571292284,0.3114921207224717,0.5450359848480284,0.8260869565217391,0.6235209279044489,0.9999999999999999,mock,0,5,5,10
2025-10-11 06:01:41.562105,WT004,0.769173952720915,0.4671111891385752,0.5903299528727102,0.782608695652174,0.5173381971768451,0.9999999999999999,mock,0,6,5,10
2025-10-11 07:01:41.562105,WT001,0.8665836860387856,0.31767243400027545,0.6550853946541779,0.782608695652174,0.7496971971543078,0.9999999999999999,mock,0,7,5,10
2025-10-11 08:01:41.562105,WT002,0.5563125669327267,0.2945841156492751,0.8137667098751127,0.8260869565217391,0.25357863425525307,0.9999999999999999,mock,1,8,5,10
2025-10-11 09:01:41.562105,WT004,0.8449525542087514,0.3798809739785175,0.71208767062934,0.8260869565217391,0.7816687726995779,0.9999999999999999,mock,1,9,5,10
2025-10-11 10:01:41.562105,WT004,0.619604416515433,0.3375967996230952,0.47104745022072647,0.8695652173913043,0.43467238912394235,0.9999999999999999,mock,0,10,5,10
2025-10-11 11:01:41.562105,WT002,0.5305181136837005,0.18030943022442497,0.5932130513738927,0.8695652173913043,0.08750624337108825,0.9999999999999999,mock,0,11,5,10
2025-10-11 12:01:41.562105,WT001,0.4046001945616752,0.2318162410878839,0.5811346174508709,0.8695652173913043,0.08894903383993702,0.9999999999999999,mock,0,12,5,10
2025-10-11 13:01:41.562105,WT001,0.2728037541124272,0.1739986607725083,0.6662993045120698,0.8695652173913043,0.0,0.9999999999999999,mock,0,13,5,10
2025-10-11 14:01:41.562105,WT004,0.4644057161388251,0.24986630732145543,0.7471154708691312,0.8695652173913043,0.1286505137286882,0.9999999999999999,mock,1,14,5,10
2025-10-11 15:01:41.562105,WT003,0.3348757433710523,0.211425225799463,0.7458884596837358,0.8695652173913043,0.0,0.9999999999999999,mock,1,15,5,10
2025-10-11 16:01:41.562105,WT004,0.1549737506158116,0.1657666516943559,0.3933925561777418,0.9130434782608696,0.0,0.9999999999999999,mock,0,16,5,10
2025-10-11 17:01:41.562105,WT002,0.1289303175804341,0.2196327909067574,0.84962431216118,0.9130434782608696,0.0,0.9999999999999999,mock,1,17,5,10
2025-10-11 18:01:41.562105,WT002,0.21824991380891157,0.08765528545224621,0.7192792780772206,0.9130434782608696,0.0,0.9999999999999999,mock,1,18,5,10
2025-10-11 19:01:41.562105,WT002,0.43181285423602433,0.3537088473168809,0.9011265150424119,0.9130434782608696,0.0,0.9999999999999999,mock,1,19,5,10
2025-10-11 20:01:41.562105,WT004,0.2602606542958019,0.15193188845331912,0.7500641053977763,0.9130434782608696,0.0,0.9999999999999999,mock,1,20,5,10
2025-10-11 21:01:41.562105,WT004,0.1737872394134627,0.04027921500607001,0.855629638110849,0.9130434782608696,0.0,0.9999999999999999,mock,1,21,5,10
2025-10-11 22:01:41.562105,WT001,0.3551802363277553,0.10981176712808582,0.7536540960601652,0.9130434782608696,0.0,0.9999999999999999,mock,1,22,5,10
2025-10-11 23:01:41.562105,WT003,0.41403513563451255,0.1771373687090823,0.8949726990543692,0.9130434782608696,0.16371873109414659,0.9999999999999999,mock,1,23,5,10
2025-10-12 00:01:41.562105,WT004,0.23244302180898535,0.24831101638932274,0.7626030259746557,0.9130434782608696,0.0,0.9999999999999999,mock,1,0,6,10
2025-10-12 01:01:41.562105,WT001,0.5685903255175617,0.3429266375573695,0.6629748295576516,0.8695652173913043,0.3600595122137302,0.9999999999999999,mock,0,1,6,10
2025-10-12 02:01:41.562105,WT004,0.6121525083605458,0.40134632680057514,1.0,0.8695652173913043,0.36367913036513366,0.9999999999999999,mock,1,2,6,10
2025-10-12 03:01:41.562105,WT001,0.7597984414698721,0.35525238831173567,0.8215264158771007,0.8260869565217391,0.41842347436638083,0.9999999999999999,mock,1,3,6,10
2025-10-12 04:01:41.562105,WT001,0.9181878021964017,0.39937846382781095,0.7708753819200487,0.8260869565217391,0.7560320335733137,0.9999999999999999,mock,1,4,6,10
2025-10-12 05:01:41.562105,WT003,0.869891729010256,0.3268407234398748,0.4736693694957128,0.8260869565217391,0.8019417024818514,0.9999999999999999,mock,0,5,6,10
2025-10-12 06:01:41.562105,WT004,0.7360037554944724,0.3038794213619841,0.4717410833819011,0.782608695652174,0.5071244877631365,0.9999999999999999,mock,0,6,6,10
2025-10-12 07:01:41.562105,WT001,0.6417063843457321,0.2881652394462305,0.7257287411394078,0.7391304347826088,0.4224021352175076,0.9999999999999999,mock,1,7,6,10
2025-10-12 08:01:41.562105,WT002,0.9922100047952557,0.3669598038897727,0.7020823241245795,0.6956521739130435,0.8512394860417409,0.9999999999999999,mock,1,8,6,10
2025-10-12 09:01:41.562105,WT002,0.6947087005890836,0.2686364528774702,0.5800473329306661,0.6956521739130435,0.35779799146194,0.9999999999999999,mock,0,9,6,10
2025-10-12 10:01:41.562105,WT002,0.6371735832700594,0.3298281793090395,0.7013532250262089,0.6956521739130435,0.35831060944201276,0.9999999999999999,mock,1,10,6,10
2025-10-12 11:01:41.562105,WT003,0.571673183181163,0.35691381786600807,0.9339138795399031,0.6956521739130435,0.30379409395462464,0.9999999999999999,mock,1,11,6,10
2025-10-12 12:01:41.562105,WT001,0.5282617169739011,0.9833664512188144,0.7904194632653296,0.6956521739130435,0.15266772988384658,0.9999999999999999,mock,1,12,6,10
2025-10-12 13:01:41.562105,WT003,0.4271517494311148,0.4738127536179746,0.49540434002032363,0.6956521739130435,0.04576921526634259,0.9999999999999999,mock,0,13,6,10
2025-10-12 14:01:41.562105,WT004,0.32167228745718257,0.21934068599138762,0.660791052658122,0.6956521739130435,0.0,0.9999999999999999,mock,0,14,6,10
2025-10-12 15:01:41.562105,WT004,0.2715038138287623,0.1382874012824773,0.5493887048596093,0.6956521739130435,0.0,0.9999999999999999,mock,0,15,6,10
2025-10-12 16:01:41.562105,WT001,0.28343979350692394,0.2019076708661634,0.6164216010836467,0.6521739130434783,0.0,0.9999999999999999,mock,0,16,6,10
2025-10-12 17:01:41.562105,WT002,0.20573705407726034,0.2381489481109822,0.612258296673144,0.6521739130434783,0.0,0.9999999999999999,mock,0,17,6,10
2025-10-12 18:01:41.562105,WT001,0.17972044248422064,0.04843944562196201,0.6019720404870168,0.6521739130434783,0.0,0.9999999999999999,mock,0,18,6,10
2025-10-12 19:01:41.562105,WT001,0.2721415987137573,0.13607883772314844,0.47707012692130357,0.6521739130434783,0.0,0.9999999999999999,mock,0,19,6,10
2025-10-12 20:01:41.562105,WT001,0.2607321432647469,0.2969279377846419,0.658197258970803,0.6521739130434783,0.0,0.9999999999999999,mock,0,20,6,10
2025-10-12 21:01:41.562105,WT003,0.48106731455258733,0.21358211343669936,0.5886443807929442,0.6521739130434783,0.0,0.9999999999999999,mock,0,21,6,10
2025-10-12 22:01:41.562105,WT004,0.10940542965263866,0.1121362164698968,0.2080956140856003,0.6521739130434783,0.0,0.9999999999999999,mock,0,22,6,10
2025-10-12 23:01:41.562105,WT001,0.5534371562298248,0.2933087087882821,1.0,0.6521739130434783,0.12289709982507424,0.9999999999999999,mock,1,23,6,10
2025-10-13 00:01:41.562105,WT001,0.6353502083660211,0.23931027180289666,0.8536129793038212,0.6956521739130435,0.4937026471107844,0.9999999999999999,mock,1,0,0,10
2025-10-13 01:01:41.562105,WT001,0.36227182586472073,0.16202584197411907,0.6182528544954167,0.6956521739130435,0.0,0.9999999999999999,mock,0,1,0,10
2025-10-13 02:01:41.562105,WT003,0.600733174306731,0.2513474078167591,0.6817279208154705,0.6956521739130435,0.3530136708031688,0.9999999999999999,mock,1,2,0,10
2025-10-13 03:01:41.562105,WT003,0.6507023687730115,0.2229098894389635,0.4904811579965762,0.6521739130434783,0.18505794322509383,0.9999999999999999,mock,0,3,0,10
2025-10-13 04:01:41.562105,WT003,0.5854300930354769,0.19672231924100164,0.9511185930216315,0.6521739130434783,0.1850961498746353,0.9999999999999999,mock,1,4,0,10
2025-10-13 05:01:41.562105,WT001,0.6752950867297727,0.4553354724912031,0.9834996693936322,0.6086956521739131,0.5060236442736774,0.9999999999999999,mock,1,5,0,10
2025-10-13 06:01:41.562105,WT002,0.6499971042426477,0.2597147099349798,0.7038771649767539,0.6086956521739131,0.41445288439470285,0.9999999999999999,mock,1,6,0,10
2025-10-13 07:01:41.562105,WT002,0.9338285813236201,0.4245915470354412,0.8431324851501238,0.6086956521739131,0.7829951324658833,0.9999999999999999,mock,1,7,0,10
2025-10-13 08:01:41.562105,WT002,0.8248657687825683,0.3337312726060161,0.706864095019609,0.5652173913043478,0.6916377895826991,0.9999999999999999,mock,1,8,0,10
2025-10-13 09:01:41.562105,WT004,0.8185896649026067,0.6445208704673496,0.46396287377995105,0.5652173913043478,0.7810268624208656,0.9999999999999999,mock,1,9,0,10
2025-10-13 10:01:41.562105,WT001,0.7094933108831604,0.28096622450031206,0.6125462249344791,0.5217391304347826,0.45339803084930663,0.9999999999999999,mock,0,10,0,10
2025-10-13 11:01:41.562105,WT002,0.4587677605138847,0.21452657332027897,0.6998986034041392,0.5217391304347826,0.11930044953645291,0.9999999999999999,mock,1,11,0,10
2025-10-13 12:01:41.562105,WT002,0.45442331016030013,0.4030491285210185,0.60568265821462,0.5217391304347826,0.12437342137866914,0.9999999999999999,mock,0,12,0,10
2025-10-13 13:01:41.562105,WT002,0.49190909128186455,0.3904521444546396,0.6435785476806832,0.5217391304347826,0.38044825779621916,0.9999999999999999,mock,0,13,0,10
2025-10-13 14:01:41.562105,WT001,0.2554096959979446,0.08864773421163841,0.6640215597233166,0.5217391304347826,0.0,0.9999999999999999,mock,0,14,0,10
2025-10-13 15:01:41.562105,WT002,0.4002406169722026,0.3258829429257818,0.6657117433118329,0.5217391304347826,0.09149446097693281,0.9999999999999999,mock,0,15,0,10
2025-10-13 16:01:41.562105,WT002,0.2622293193855667,0.14296882738651434,0.6870998886486293,0.5217391304347826,0.0,0.9999999999999999,mock,1,16,0,10
2025-10-13 17:01:41.562105,WT001,0.22296561959717986,0.13331127020482714,0.5083209648683478,0.5652173913043478,0.0,0.9999999999999999,mock,0,17,0,10
2025-10-13 18:01:41.562105,WT004,0.3252100866493187,0.10842669515064218,0.5635177196471282,0.5652173913043478,0.0,0.9999999999999999,mock,0,18,0,10
2025-10-13 19:01:41.562105,WT003,0.3066626105287513,0.09354630139959413,0.4723392311215968,0.5652173913043478,0.0,0.9999999999999999,mock,0,19,0,10
2025-10-13 20:01:41.562105,WT002,0.24990180747044854,0.22545049505928666,0.8357884622962524,0.5652173913043478,0.0,0.9999999999999999,mock,1,20,0,10
2025-10-13 21:01:41.562105,WT003,0.4458483781610012,0.2251960478432144,0.34043743535589965,0.5217391304347826,0.3804094770515134,0.9999999999999999,mock,0,21,0,10
2025-10-13 22:01:41.562105,WT004,0.26982417716914353,0.14108661879135392,0.8640262711797657,0.5652173913043478,0.0,0.9999999999999999,mock,1,22,0,10
2025-10-13 23:01:41.562105,WT004,0.5048415587164459,0.3274482658880834,0.9014184680099904,0.5652173913043478,0.10128743065428059,0.9999999999999999,mock,1,23,0,10
2025-10-14 00:01:41.562105,WT002,0.5686259377122297,0.3709016493743391,0.6301600810459624,0.5652173913043478,0.2320646472134693,0.9999999999999999,mock,0,0,1,10
2025-10-14 01:01:41.562105,WT001,0.5425077925064906,0.1985169559583861,0.2605168086628369,0.6086956521739131,0.19175622033514972,0.9999999999999999,mock,0,1,1,10
2025-10-14 02:01:41.562105,WT004,0.6690756946391928,0.3463459794701482,0.6206609890634582,0.6521739130434783,0.2505334298880517,0.9999999999999999,mock,0,2,1,10
2025-10-14 03:01:41.562105,WT003,0.5608142154647694,0.20228524935949915,0.6683936493801093,0.6521739130434783,0.22943199331004904,0.9999999999999999,mock,0,3,1,10
2025-10-14 04:01:41.562105,WT003,0.8236751890650765,0.46478363339387085,0.5163544476234936,0.6521739130434783,0.7053624658458044,0.9999999999999999,mock,0,4,1,10
2025-10-14 05:01:41.562105,WT003,0.7358812495637541,0.38907995698847564,0.595936056372989,0.6956521739130435,0.3945819315424577,0.9999999999999999,mock,0,5,1,10
2025-10-14 06:01:41.562105,WT003,0.7100660415046695,0.6410940000921435,0.924526959110394,0.7391304347826088,0.570890803049459,0.9999999999999999,mock,1,6,1,10
2025-10-14 07:01:41.562105,WT004,0.861966795234807,0.3125215467202356,0.7855236757342232,0.7391304347826088,0.7379425551147192,0.9999999999999999,mock,1,7,1,10
2025-10-14 08:01:41.562105,WT002,0.6572823542392507,0.22960783768403498,0.5301756251645222,0.6956521739130435,0.33110613535619104,0.9999999999999999,mock,0,8,1,10
2025-10-14 09:01:41.562105,WT002,0.544735853809279,0.21950476834576532,0.422054119978412,0.7391304347826088,0.2236243357226375,0.9999999999999999,mock,0,9,1,10
2025-10-14 10:01:41.562105,WT003,0.4766882135940643,0.1889072684299748,0.6261701184452146,0.7391304347826088,0.28559723967802264,0.9999999999999999,mock,0,10,1,10
2025-10-14 11:01:41.562105,WT002,0.63606267062646,0.2497069779646498,0.6444133529263358,0.6956521739130435,0.4354599130867718,0.9999999999999999,mock,0,11,1,10
2025-10-14 12:01:41.562105,WT003,0.37718177359059524,0.41114585598974984,0.7584179217680265,0.6521739130434783,0.0,0.9999999999999999,mock,1,12,1,10
2025-10-14 13:01:41.562105,WT003,0.6212142652703215,0.2442422563031259,0.5927073085401195,0.6521739130434783,0.3248379332659428,0.9999999999999999,mock,0,13,1,10
2025-10-14 14:01:41.562105,WT001,0.16755204504203047,0.06788803365624269,0.760875893262245,0.6521739130434783,0.0,0.9999999999999999,mock,1,14,1,10
2025-10-14 15:01:41.562105,WT004,0.5007339218907828,0.34066924950630817,0.9895826484228785,0.6521739130434783,0.12628263325092792,0.9999999999999999,mock,1,15,1,10
2025-10-14 16:01:41.562105,WT004,0.30834917305041964,0.15932582766719766,0.8097130136804247,0.6521739130434783,0.0,0.9999999999999999,mock,1,16,1,10
2025-10-14 17:01:41.562105,WT003,0.2513836742783865,0.2510967715890118,0.6709793784879889,0.6521739130434783,0.0021811066651197253,0.9999999999999999,mock,0,17,1,10
2025-10-14 18:01:41.562105,WT004,0.19687980232848012,0.04785504119621031,0.6492819903685016,0.6956521739130435,0.0,0.9999999999999999,mock,0,18,1,10
2025-10-14 19:01:41.562105,WT002,0.3020513495831283,0.16585888085488898,0.621405980975366,0.6956521739130435,0.0,0.9999999999999999,mock,0,19,1,10
2025-10-14 20:01:41.562105,WT003,0.2829409910300815,0.07780174217822527,0.8683718817514117,0.6956521739130435,0.0,0.9999999999999999,mock,1,20,1,10
2025-10-14 21:01:41.562105,WT001,0.4401232416140046,0.14410573222667244,0.5779282488038731,0.6956521739130435,0.018539706381302423,0.9999999999999999,mock,0,21,1,10
2025-10-14 22:01:41.562105,WT002,0.391963351492986,0.41726489209094886,0.6859696068308057,0.7391304347826088,0.0,0.9999999999999999,mock,1,22,1,10
2025-10-14 23:01:41.562105,WT001,0.457261400785101,0.16172532069019374,0.6869295075715978,0.7391304347826088,0.0,0.9999999999999999,mock,1,23,1,10
2025-10-15 00:01:41.562105,WT001,0.47086547968719583,0.24453072198131776,0.5980942292964899,0.7391304347826088,0.33959659201865877,0.9999999999999999,mock,0,0,2,10
2025-10-15 01:01:41.562105,WT004,0.5683194615166044,0.253979359972366,0.4582213089810252,0.7391304347826088,0.15711596415593276,0.9999999999999999,mock,0,1,2,10
2025-10-15 02:01:41.562105,WT004,0.6672025405763224,0.2802191915510427,0.7305897820644867,0.7391304347826088,0.3180194876823854,0.9999999999999999,mock,1,2,2,10
2025-10-15 03:01:41.562105,WT003,0.5139063266391486,0.4570506462627869,0.6689045393637065,0.782608695652174,0.15180852486123753,0.9999999999999999,mock,0,3,2,10
2025-10-15 04:01:41.562105,WT004,0.5914922670972395,0.19882279193891966,0.7590671442672923,0.782608695652174,0.422285280025789,0.9999999999999999,mock,1,4,2,10
2025-10-15 05:01:41.562105,WT001,0.8307246469253614,0.42930507371612847,0.5929830451643632,0.782608695652174,0.6494932134108122,0.9999999999999999,mock,0,5,2,10
2025-10-15 06:01:41.562105,WT001,0.7809394299448785,0.6907981123768684,0.8748267667066942,0.782608695652174,0.4629202879449559,0.9999999999999999,mock,1,6,2,10
2025-10-15 07:01:41.562105,WT002,0.7359751358948885,0.3575940174714607,0.5378530302494813,0.8260869565217391,0.627091209251798,0.9999999999999999,mock,0,7,2,10
2025-10-15 08:01:41.562105,WT001,0.7311383975964316,0.6017950157847591,0.9537399461089047,0.8695652173913043,0.5720368547597954,0.9999999999999999,mock,1,8,2,10
2025-10-15 09:01:41.562105,WT003,0.7241747072494977,0.25553443962242206,0.39795097269902446,0.8695652173913043,0.5443196453214989,0.9999999999999999,mock,0,9,2,10
2025-10-15 10:01:41.562105,WT003,0.5805956325931945,0.26052442141392207,0.748549477073198,0.8695652173913043,0.35400750604679354,0.9999999999999999,mock,1,10,2,10
2025-10-15 11:01:41.562105,WT004,0.49460836788325946,0.19575965587510913,0.7550815101116037,0.8695652173913043,0.3845394151219559,0.9999999999999999,mock,1,11,2,10
2025-10-15 12:01:41.562105,WT004,0.5280328761486287,0.33727711378658776,0.550900305004419,0.8260869565217391,0.41340472948292484,0.9999999999999999,mock,0,12,2,10
2025-10-15 13:01:41.562105,WT004,0.3419293360235016,0.6015941066839731,0.7468825766232681,0.8260869565217391,0.0,0.9999999999999999,mock,1,13,2,10
2025-10-15 14:01:41.562105,WT003,0.4220079050946304,0.16630172871537735,0.8842563618638439,0.8260869565217391,0.20926321123186287,0.9999999999999999,mock,1,14,2,10
2025-10-15 15:01:41.562105,WT001,0.15340766913463916,0.15669263257542282,0.32257793041570015,0.8260869565217391,0.0,0.9999999999999999,mock,0,15,2,10
2025-10-15 16:01:41.562105,WT004,0.3919495034855651,0.1447658950491933,0.7594694603098531,0.8695652173913043,0.06264262139206667,0.9999999999999999,mock,1,16,2,10
2025-10-15 17:01:41.562105,WT002,0.3095578990492066,0.18971495822908246,0.2781665671990301,0.8695652173913043,0.0,0.9999999999999999,mock,0,17,2,10
2025-10-15 18:01:41.562105,WT004,0.2787236626356451,0.15087274236374776,0.5235728957225612,0.8695652173913043,0.0,0.9999999999999999,mock,0,18,2,10
2025-10-15 19:01:41.562105,WT003,0.3616811061531148,0.5582814212693412,0.9404264451164441,0.8695652173913043,0.0,0.9999999999999999,mock,1,19,2,10
2025-10-15 20:01:41.562105,WT004,0.45697087087971333,0.2615448558787854,0.585242763584334,0.8260869565217391,0.1864378664852291,0.9999999999999999,mock,0,20,2,10
2025-10-15 21:01:41.562105,WT001,0.43103586547294837,0.18683287898679435,0.4901236178238526,0.8695652173913043,0.17145175053915485,0.9999999999999999,mock,0,21,2,10
2025-10-15 22:01:41.562105,WT004,0.192183938710829,0.05278147873618788,0.6469064520176793,0.8260869565217391,0.0,0.9999999999999999,mock,0,22,2,10
2025-10-15 23:01:41.562105,WT003,0.3111511977352567,0.10547006737441295,1.0,0.8695652173913043,0.0,0.9999999999999999,mock,1,23,2,10
2025-10-16 00:01:41.562105,WT003,0.4441744643263551,0.16989016911790594,0.38444922184768693,0.8695652173913043,0.1950245326001543,0.9999999999999999,mock,0,0,3,10
2025-10-16 01:01:41.562105,WT002,0.5768044505226771,0.22684261333806016,0.5098142097082738,0.8695652173913043,0.2656208561545268,0.9999999999999999,mock,0,1,3,10
2025-10-16 02:01:41.562105,WT003,0.688646516932316,0.4757636942066851,0.9192635770570345,0.8695652173913043,0.5107143469155735,0.9999999999999999,mock,1,2,3,10
2025-10-16 03:01:41.562105,WT002,0.6144984064862091,0.30964693468191995,0.9771402147898698,0.9130434782608696,0.36928888634572465,0.9999999999999999,mock,1,3,3,10
2025-10-16 04:01:41.562105,WT001,0.7483392578459712,0.3523195155345964,0.6620887006364184,0.9130434782608696,0.5610082007718074,0.9999999999999999,mock,0,4,3,10
2025-10-16 05:01:41.562105,WT003,0.6775874493394752,0.24568422017620128,0.4796537700978569,0.9130434782608696,0.4028664689143493,0.9999999999999999,mock,0,5,3,10
2025-10-16 06:01:41.562105,WT004,0.7009926680492594,0.4890232339886973,1.0,0.8695652173913043,0.34967646602897684,0.9999999999999999,mock,1,6,3,10
2025-10-16 07:01:41.562105,WT001,0.6110374804646808,0.36652949169186255,0.9348481201627812,0.8695652173913043,0.22896883783775857,0.9999999999999999,mock,1,7,3,10
2025-10-16 08:01:41.562105,WT004,0.6349154242480154,0.22215927090335508,0.7877759278561363,0.9130434782608696,0.43158552695924235,0.9999999999999999,mock,1,8,3,10
2025-10-16 09:01:41.562105,WT004,0.5505375023337189,0.3358228143182256,0.5481941500686403,0.8695652173913043,0.24676742338078306,0.9999999999999999,mock,0,9,3,10
2025-10-16 10:01:41.562105,WT004,0.5360319633821469,0.27346762932766744,0.6708282357887394,0.8695652173913043,0.21137700361505418,0.9999999999999999,mock,0,10,3,10
2025-10-16 11:01:41.562105,WT001,0.6818033187758877,0.24271046619697356,0.6529432131419544,0.8695652173913043,0.3949114134934093,0.9999999999999999,mock,0,11,3,10
2025-10-16 12:01:41.562105,WT001,0.4110076689675055,0.20209146561149594,0.7318551716951509,0.8695652173913043,0.01615343176583872,0.9999999999999999,mock,1,12,3,10
2025-10-16 13:01:41.562105,WT003,0.7108893833269213,0.3275431513987406,0.9118046669425235,0.8695652173913043,0.5719312056153261,0.9999999999999999,mock,1,13,3,10
2025-10-16 14:01:41.562105,WT004,0.4307001706606738,0.1551457434872185,0.8199809723744549,0.8695652173913043,0.041728272835780955,0.9999999999999999,mock,1,14,3,10
2025-10-16 15:01:41.562105,WT002,0.3462710737368965,0.4681245751273512,0.5056267412997135,0.9130434782608696,0.0,0.9999999999999999,mock,0,15,3,10
2025-10-16 16:01:41.562105,WT003,0.19907652534225728,0.2807595693110595,0.8998356151136857,0.8695652173913043,0.0,0.9999999999999999,mock,1,16,3,10
2025-10-16 17:01:41.562105,WT001,0.332826379030012,0.23352529878536854,0.729008629404964,0.8695652173913043,0.0,0.9999999999999999,mock,1,17,3,10
2025-10-16 18:01:41.562105,WT002,0.19374084993561635,0.11673013766264828,0.7890801953603703,0.8260869565217391,0.0,0.9999999999999999,mock,1,18,3,10
2025-10-16 19:01:41.562105,WT001,0.2737335775077021,0.13711175505823137,0.9143010385522023,0.8695652173913043,0.0,0.9999999999999999,mock,1,19,3,10
2025-10-16 20:01:41.562105,WT002,0.548385380291455,0.3124124079486613,0.5001319210986108,0.8695652173913043,0.23999288044056732,0.9999999999999999,mock,0,20,3,10
2025-10-16 21:01:41.562105,WT003,0.3175680975974756,0.1872192416636741,0.6729493892483083,0.8695652173913043,0.0,0.9999999999999999,mock,0,21,3,10
2025-10-16 22:01:41.562105,WT002,0.49772807904724914,0.1669354328275367,0.5933277556920045,0.8695652173913043,0.06064570290581339,0.9999999999999999,mock,0,22,3,10
2025-10-16 23:01:41.562105,WT003,0.3700498990809368,0.19919476910322237,0.42683174023023773,0.8695652173913043,0.0,0.9999999999999999,mock,0,23,3,10
2025-10-17 00:01:41.562105,WT001,0.5044454454284697,0.3697139842605781,0.7344028303654828,0.8695652173913043,0.23466927269119964,0.9999999999999999,mock,1,0,4,10
2025-10-17 01:01:41.562105,WT002,0.7550852143121672,0.33898205765221723,1.0,0.8695652173913043,0.3963790887821341,0.9999999999999999,mock,1,1,4,10
2025-10-17 02:01:41.562105,WT004,0.571684465947002,0.19492372229566252,0.3831005048710665,0.8260869565217391,0.2938665955495132,0.9999999999999999,mock,0,2,4,10
2025-10-17 03:01:41.562105,WT004,0.8738601239626479,0.5039043376673933,0.6735188799991079,0.8260869565217391,0.7194931020911421,0.9999999999999999,mock,1,3,4,10
2025-10-17 04:01:41.562105,WT001,0.8015754153021811,0.3079904018921079,0.7816064067448263,0.8260869565217391,0.6100092966305914,0.9999999999999999,mock,1,4,4,10
2025-10-17 05:01:41.562105,WT002,0.6973003230510515,0.27600737517744434,0.6984769093668914,0.8260869565217391,0.5514806831849757,0.9999999999999999,mock,1,5,4,10
2025-10-17 06:01:41.562105,WT004,0.8281014989894518,0.3128345703703044,0.6605309278946572,0.8260869565217391,0.675119923926055,0.9999999999999999,mock,0,6,4,10
2025-10-17 07:01:41.562105,WT003,0.8541543684493006,0.35119222447754506,0.46998861889115195,0.8695652173913043,0.8177084488620616,0.9999999999999999,mock,0,7,4,10
2025-10-17 08:01:41.562105,WT002,0.792793552258329,0.4552901057490847,0.7161013295563663,0.8695652173913043,0.5022678670284464,0.9999999999999999,mock,1,8,4,10
2025-10-17 09:01:41.562105,WT002,0.528206279523391,0.26381945897526404,0.5571323241973469,0.8260869565217391,0.22533667264911394,0.9999999999999999,mock,0,9,4,10
2025-10-17 10:01:41.562105,WT004,0.5614487193782165,0.21316994499835523,0.3268988920525857,0.8260869565217391,0.26844257353028866,0.9999999999999999,mock,0,10,4,10
2025-10-17 11:01:41.562105,WT003,0.5488460188355843,0.44574178575012413,0.8706131267136774,0.8260869565217391,0.14428135320227642,0.9999999999999999,mock,1,11,4,10
2025-10-17 12:01:41.562105,WT003,0.5004148183025944,0.4283363859588678,0.832667121706598,0.782608695652174,0.26073719351661007,0.9999999999999999,mock,1,12,4,10
2025-10-17 13:01:41.562105,WT003,0.5053255505337935,0.4211413245855926,0.6870038994808771,0.7391304347826088,0.3935567671285227,0.9999999999999999,mock,1,13,4,10
2025-10-17 14:01:41.562105,WT002,0.39844928922023093,0.1539541224083386,0.7155049966579354,0.7391304347826088,0.024566143756196146,0.9999999999999999,mock,1,14,4,10
2025-10-17 15:01:41.562105,WT001,0.19093350938513848,0.1130334589838104,0.8512913569464162,0.7391304347826088,0.0,0.9999999999999999,mock,1,15,4,10
2025-10-17 16:01:41.562105,WT002,0.32563663928241027,0.6230192267839436,0.714744324949844,0.782608695652174,0.0,0.9999999999999999,mock,1,16,4,10
2025-10-17 17:01:41.562105,WT002,0.32365804104653484,0.2771637285340247,0.8239329872669177,0.8260869565217391,0.0,0.9999999999999999,mock,1,17,4,10
2025-10-17 18:01:41.562105,WT004,0.3097630358845328,0.08761243188153245,0.6309148657694146,0.8260869565217391,0.0,0.9999999999999999,mock,0,18,4,10
2025-10-17 19:01:41.562105,WT001,0.3717042723006939,0.11727485960034112,0.8894717991265937,0.782608695652174,0.0,0.9999999999999999,mock,1,19,4,10
2025-10-17 20:01:41.562105,WT003,0.37199983695223937,0.18792255677760134,0.7302381600561176,0.782608695652174,0.0,0.9999999999999999,mock,1,20,4,10
2025-10-17 21:01:41.562105,WT004,0.3743045357767397,0.4140803403948269,0.7098786747709434,0.8260869565217391,0.14799144429604905,0.9999999999999999,mock,1,21,4,10
2025-10-17 22:01:41.562105,WT002,0.3731213680737083,0.20742134010925672,0.4746723454874049,0.8260869565217391,0.0,0.9999999999999999,mock,0,22,4,10
2025-10-17 23:01:41.562105,WT001,0.2721799984808515,0.15655436923681565,0.724803470417533,0.8260869565217391,0.0,0.9999999999999999,mock,1,23,4,10
2025-10-18 00:01:41.562105,WT003,0.5519206468868924,0.19444342312118384,0.5450530757274854,0.8260869565217391,0.32868225002435447,0.9999999999999999,mock,0,0,5,10
2025-10-18 01:01:41.562105,WT003,0.5953606546083985,0.33319929331703413,0.5761660595722411,0.8695652173913043,0.20639006525473014,0.9999999999999999,mock,0,1,5,10
2025-10-18 02:01:41.562105,WT002,0.6635011498213633,0.44361915061487944,0.5477164997006958,0.8695652173913043,0.337056045501009,0.9999999999999999,mock,0,2,5,10
2025-10-18 03:01:41.562105,WT003,0.5581947380931793,0.24351715480298575,0.5074165401620561,0.8695652173913043,0.26225354850394367,0.9999999999999999,mock,0,3,5,10
2025-10-18 04:01:41.562105,WT003,0.6187884666808864,0.3964104474566623,1.0,0.9130434782608696,0.43773352566484425,0.9999999999999999,mock,1,4,5,10
2025-10-18 05:01:41.562105,WT001,0.8623902061457233,0.7269574770415966,0.8925811864975968,0.9130434782608696,0.7398301719253377,0.9999999999999999,mock,1,5,5,10
2025-10-18 06:01:41.562105,WT004,0.7594378894194852,0.29163518839481817,0.9872072257408466,0.9130434782608696,0.5684013466515312,0.9999999999999999,mock,1,6,5,10
2025-10-18 07:01:41.562105,WT001,0.8244134386755763,0.38252050958100225,0.482249464021391,0.9130434782608696,0.6462571865807611,0.9999999999999999,mock,0,7,5,10
2025-10-18 08:01:41.562105,WT004,0.732148425897987,0.2948244661725601,0.6901514325812337,0.9130434782608696,0.5430931612604757,0.9999999999999999,mock,1,8,5,10
2025-10-18 09:01:41.562105,WT004,0.6916981363016673,0.43551218576149997,0.4709057143182389,0.9565217391304348,0.4666367879015365,0.9999999999999999,mock,0,9,5,10
2025-10-18 10:01:41.562105,WT004,0.7316274856020691,0.360994395559601,0.5669429320424975,0.9130434782608696,0.4109082366645016,0.9999999999999999,mock,0,10,5,10
2025-10-18 11:01:41.562105,WT003,0.5214070471592605,0.2958754303118788,0.5312097351759473,0.9565217391304348,0.20729605206867552,0.9999999999999999,mock,0,11,5,10
2025-10-18 12:01:41.562105,WT001,0.5178426666817867,0.3695919528949754,0.8778409517397558,0.9565217391304348,0.09926099237009,0.9999999999999999,mock,1,12,5,10
2025-10-18 13:01:41.562105,WT003,0.3946660523695146,0.18178625643157265,0.6150513148466996,0.9565217391304348,0.028136470823873938,0.9999999999999999,mock,0,13,5,10
2025-10-18 14:01:41.562105,WT002,0.3358927523761599,0.4073014359030893,0.8503373220716361,0.9565217391304348,0.0,0.9999999999999999,mock,1,14,5,10
2025-10-18 15:01:41.562105,WT001,0.29579151636048595,0.1751549655911226,0.7757552904479801,1.0,0.11177535238784952,0.9999999999999999,mock,1,15,5,10
2025-10-18 16:01:41.562105,WT004,0.3094850774215815,0.10581469883876254,1.0,1.0,0.0,0.9999999999999999,mock,1,16,5,10
2025-10-18 17:01:41.562105,WT003,0.2123458979919451,0.19641153956657748,0.44103543537490353,0.0,0.0,0.9999999999999999,mock,0,17,5,10
2025-10-18 18:01:41.562105,WT003,0.3808793371978946,0.31230177246840707,0.88099755505272,1.0,0.0,0.9999999999999999,mock,1,18,5,10
2025-10-18 19:01:41.562105,WT001,0.1698519472408394,0.07685913843699405,0.8628777251018245,1.0,0.0,0.9999999999999999,mock,1,19,5,10
2025-10-18 20:01:41.562105,WT001,0.26769141816095754,0.3142555771808052,0.5223336541479275,0.0,0.0,0.9999999999999999,mock,0,20,5,10
2025-10-18 21:01:41.562105,WT004,0.28245053009485044,0.3733672782755696,0.8404982960731986,0.043478260869565216,0.0,0.9999999999999999,mock,1,21,5,10
2025-10-18 22:01:41.562105,WT004,0.5281486123207377,0.21198615785172503,0.7327055855196072,0.043478260869565216,0.06733807743307829,0.9999999999999999,mock,1,22,5,10
2025-10-18 23:01:41.562105,WT002,0.461987701895334,0.6653426550369594,0.6421611562049758,0.043478260869565216,0.19262565364061968,0.9999999999999999,mock,1,23,5,10
2025-10-19 00:01:41.562105,WT004,0.6134583201252218,0.22398427668997556,0.5463413784571896,0.043478260869565216,0.20864409906386916,0.9999999999999999,mock,0,0,6,10
2025-10-19 01:01:41.562105,WT003,0.42233841642079506,0.15745786608849666,0.5631814355323139,0.08695652173913043,0.02042227131589358,0.9999999999999999,mock,0,1,6,10
2025-10-19 02:01:41.562105,WT002,0.6630384039514261,0.25026915851384557,1.0,0.08695652173913043,0.38318935919478503,0.9999999999999999,mock,1,2,6,10
2025-10-19 03:01:41.562105,WT002,0.7795632525011383,0.5553799753541061,0.6788143778202396,0.08695652173913043,0.5681409080956679,0.9999999999999999,mock,1,3,6,10
2025-10-19 04:01:41.562105,WT002,0.7376628283006712,0.38880693925079923,0.8043520373349584,0.08695652173913043,0.5775805884619165,0.9999999999999999,mock,1,4,6,10
2025-10-19 05:01:41.562105,WT001,0.8636498771009654,0.32505536960557146,0.5516485513946381,0.043478260869565216,0.6327126324320265,0.9999999999999999,mock,0,5,6,10
2025-10-19 06:01:41.562105,WT004,0.7106213656532853,0.3169595321682962,0.5534231353752119,0.043478260869565216,0.45017938104363586,0.9999999999999999,mock,0,6,6,10
2025-10-19 07:01:41.562105,WT002,0.8987874630486935,0.43925103634218465,0.852523009851903,0.043478260869565216,0.7447886919714992,0.9999999999999999,mock,1,7,6,10
2025-10-19 08:01:41.562105,WT001,0.9641645132794968,0.3551070893010998,0.46189842724968555,0.043478260869565216,0.8539236463995508,0.9999999999999999,mock,0,8,6,10
2025-10-19 09:01:41.562105,WT001,0.65158138360603,0.49140234380621006,0.6120015652857629,0.043478260869565216,0.39936849803169383,0.9999999999999999,mock,0,9,6,10
2025-10-19 10:01:41.562105,WT002,0.5902271715170551,0.4019658207034168,0.6841711084412019,0.043478260869565216,0.34216010654352536,0.9999999999999999,mock,1,10,6,10
2025-10-19 11:01:41.562105,WT002,0.7226504780945027,0.33736647784565643,0.6965964321741875,0.043478260869565216,0.570192830138212,0.9999999999999999,mock,1,11,6,10
2025-10-19 12:01:41.562105,WT003,0.6694271167712399,0.6601442707069618,0.649933767802314,0.043478260869565216,0.45214054432875095,0.9999999999999999,mock,1,12,6,10
2025-10-19 13:01:41.562105,WT002,0.3884752836967401,0.18398752096542603,0.7422922052675478,0.043478260869565216,0.053460956895941214,0.9999999999999999,mock,1,13,6,10
2025-10-19 14:01:41.562105,WT003,0.3373549399089578,0.6204528962485792,0.7900103388660766,0.0,0.0,0.9999999999999999,mock,1,14,6,10
2025-10-19 15:01:41.562105,WT002,0.29859007209917365,0.2195046120992704,0.7967224855074604,0.0,0.0,0.9999999999999999,mock,1,15,6,10
2025-10-19 16:01:41.562105,WT002,0.14940580417870658,0.14814426947966636,0.5203376117172072,0.0,0.0,0.9999999999999999,mock,0,16,6,10
2025-10-19 17:01:41.562105,WT004,0.16739497813814908,0.05058614224191438,0.6330558336417704,0.0,0.0,0.9999999999999999,mock,0,17,6,10
2025-10-19 18:01:41.562105,WT002,0.1499548627666768,0.29162611754835965,0.8706405398489871,0.043478260869565216,0.0,0.9999999999999999,mock,1,18,6,10
2025-10-19 19:01:41.562105,WT002,0.18280982686604402,0.10443274109776995,0.8224276597262512,0.043478260869565216,0.0,0.9999999999999999,mock,1,19,6,10
2025-10-19 20:01:41.562105,WT003,0.2832424138470465,0.09603702342632225,0.4581580292908045,0.08695652173913043,0.0,0.9999999999999999,mock,0,20,6,10
2025-10-19 21:01:41.562105,WT003,0.35131675937575213,0.10223366121127758,0.7351691072823536,0.043478260869565216,0.0076028715022304905,0.9999999999999999,mock,1,21,6,10
2025-10-19 22:01:41.562105,WT004,0.5387269285402236,0.2791264784436851,0.36090743179358054,0.043478260869565216,0.3229972474434095,0.9999999999999999,mock,0,22,6,10
2025-10-19 23:01:41.562105,WT002,0.33988757796763835,0.19115042440770724,0.6862446666355262,0.043478260869565216,0.0,0.9999999999999999,mock,1,23,6,10
2025-10-20 00:01:41.562105,WT002,0.6086023351155949,0.3639884538912953,0.9835765106982102,0.043478260869565216,0.4119739333352326,0.9999999999999999,mock,1,0,0,10
2025-10-20 01:01:41.562105,WT003,0.5522722147235639,0.46071004427696205,0.5264279397521525,0.08695652173913043,0.25882314196086376,0.9999999999999999,mock,0,1,0,10
2025-10-20 02:01:41.562105,WT001,0.6306958560698428,0.22209027555224836,0.5446726415115584,0.08695652173913043,0.3489028177163511,0.9999999999999999,mock,0,2,0,10
2025-10-20 03:01:41.562105,WT001,0.7576130531265081,0.42878699132524356,0.8014442793943388,0.043478260869565216,0.523528435843152,0.9999999999999999,mock,1,3,0,10
2025-10-20 04:01:41.562105,WT001,0.6145309364501518,0.23149809348089,0.430857234804201,0.043478260869565216,0.4056769472917485,0.9999999999999999,mock,0,4,0,10
2025-10-20 05:01:41.562105,WT003,0.7938512387164095,0.5241399068076283,0.5770540710906156,0.08695652173913043,0.6250205670280957,0.9999999999999999,mock,1,5,0,10
2025-10-20 06:01:41.562105,WT003,0.7804884700793641,0.48793857209087665,0.7745215562761998,0.043478260869565216,0.7850185947118986,0.9999999999999999,mock,1,6,0,10
2025-10-20 07:01:41.562105,WT001,0.8050956807772124,0.3795816627771642,0.5768081487959433,0.043478260869565216,0.5329615997651331,0.9999999999999999,mock,0,7,0,10
2025-10-20 08:01:41.562105,WT001,0.7588030539017191,0.4195972250192598,0.6407966588157104,0.043478260869565216,0.5922801492351002,0.9999999999999999,mock,0,8,0,10
2025-10-20 09:01:41.562105,WT002,0.9395490340164133,0.3821423618623587,0.7982563758270818,0.08695652173913043,0.7561214979309536,0.9999999999999999,mock,1,9,0,10
2025-10-20 10:01:41.562105,WT003,0.5705836491840207,0.2685255895248956,0.7464250754965085,0.08695652173913043,0.19393802935998106,0.9999999999999999,mock,1,10,0,10
2025-10-20 11:01:41.562105,WT003,0.5198791743065211,0.3862392956307621,0.7215684349563252,0.08695652173913043,0.19986415262041635,0.9999999999999999,mock,1,11,0,10
2025-10-20 12:01:41.562105,WT001,0.44434593370140507,0.215559753951591,0.6242254847076665,0.08695652173913043,0.10479545642649013,0.9999999999999999,mock,0,12,0,10
2025-10-20 13:01:41.562105,WT001,0.38514235074091985,0.17023079941005775,0.738154135936377,0.043478260869565216,0.2751591974435461,0.9999999999999999,mock,1,13,0,10
2025-10-20 14:01:41.562105,WT004,0.3151606231452052,0.17272060498069985,0.6588273193122602,0.08695652173913043,0.0,0.9999999999999999,mock,0,14,0,10
2025-10-20 15:01:41.562105,WT003,0.4488818758506462,0.3628301490241407,0.7522500834810817,0.08695652173913043,0.0,0.9999999999999999,mock,1,15,0,10
2025-10-20 16:01:41.562105,WT004,0.4319389262525576,0.18443378746652006,0.5988737186713382,0.08695652173913043,0.09940907129092325,0.9999999999999999,mock,0,16,0,10
2025-10-20 17:01:41.562105,WT002,0.20294524164010036,0.06589980559230185,0.6493754064471138,0.08695652173913043,0.0,0.9999999999999999,mock,0,17,0,10
2025-10-20 18:01:41.562105,WT004,0.1675084979315845,0.18550779186725774,0.5196702839359939,0.08695652173913043,0.0,0.9999999999999999,mock,0,18,0,10
2025-10-20 19:01:41.562105,WT001,0.3094371255539886,0.30577535373973785,0.6730807940040906,0.08695652173913043,0.0,0.9999999999999999,mock,0,19,0,10
2025-10-20 20:01:41.562105,WT003,0.23035848481260912,0.06603234316799977,0.5484192954007958,0.08695652173913043,0.0,0.9999999999999999,mock,0,20,0,10
2025-10-20 21:01:41.562105,WT003,0.3920591196416633,0.15159562975573232,0.49973573174096364,0.08695652173913043,0.10640906295426045,0.9999999999999999,mock,0,21,0,10
2025-10-20 22:01:41.562105,WT004,0.40102656684446547,0.13979079775006736,0.7202579921009726,0.043478260869565216,0.0,0.9999999999999999,mock,1,22,0,10
2025-10-20 23:01:41.562105,WT004,0.28701878055489083,0.1293233064373992,0.7128808312501125,0.043478260869565216,0.0,0.9999999999999999,mock,1,23,0,10
2025-10-21 00:01:41.562105,WT002,0.6661503998964647,0.3015884179538719,0.8044715163663883,0.043478260869565216,0.3409365346470641,0.9999999999999999,mock,1,0,1,10
2025-10-21 01:01:41.562105,WT002,0.7576476771021338,0.4372633067188979,0.6094453716173525,0.043478260869565216,0.4393360458762141,0.9999999999999999,mock,0,1,1,10
2025-10-21 02:01:41.562105,WT001,0.5731332630266142,0.3223057651753022,0.7442574186255837,0.043478260869565216,0.3059729733592973,0.9999999999999999,mock,1,2,1,10
2025-10-21 03:01:41.562105,WT001,0.6490407919927711,0.3419197051283661,0.7671890244193302,0.043478260869565216,0.2696806219499641,0.9999999999999999,mock,1,3,1,10
2025-10-21 04:01:41.562105,WT001,0.758465515491109,0.3174512490848054,0.7501565549987408,0.043478260869565216,0.5060772178045154,0.9999999999999999,mock,1,4,1,10
2025-10-21 05:01:41.562105,WT004,0.7889512314440307,0.5080503720439186,0.5460653543215677,0.043478260869565216,0.49659327684724497,0.9999999999999999,mock,1,5,1,10
2025-10-21 06:01:41.562105,WT004,0.8307722249458117,0.3719032784590228,0.7026995781302832,0.043478260869565216,0.6987438778334603,0.9999999999999999,mock,1,6,1,10
2025-10-21 07:01:41.562105,WT003,0.9601852242338266,0.8331125748016112,0.7372029701977989,0.08695652173913043,1.0,0.9999999999999999,mock,1,7,1,10
2025-10-21 08:01:41.562105,WT001,0.7111736408107711,0.3710995784286787,0.6798578884488737,0.08695652173913043,0.3565144595252172,0.9999999999999999,mock,1,8,1,10
2025-10-21 09:01:41.562105,WT004,0.6070846332881239,0.21933785702936198,0.34351693584546084,0.043478260869565216,0.15605745429223394,0.9999999999999999,mock,0,9,1,10
2025-10-21 10:01:41.562105,WT003,0.4948063879750403,0.30063723098670836,0.7044869667342502,0.043478260869565216,0.15330684004311101,0.9999999999999999,mock,1,10,1,10
2025-10-21 11:01:41.562105,WT001,0.4994492853509709,0.20933618480219646,1.0,0.043478260869565216,0.17290747723437594,0.9999999999999999,mock,1,11,1,10
2025-10-21 12:01:41.562105,WT002,0.5046356620619071,0.308580650206024,0.6208652193399726,0.08695652173913043,0.19902255924488554,0.9999999999999999,mock,0,12,1,10
2025-10-21 13:01:41.562105,WT002,0.6252774627067791,0.21859966196779596,0.5617408041418801,0.08695652173913043,0.3115111095733283,0.9999999999999999,mock,0,13,1,10
2025-10-21 14:01:41.562105,WT004,0.32739975241115604,0.11550620567870318,0.7386822561859492,0.08695652173913043,0.0,0.9999999999999999,mock,1,14,1,10
2025-10-21 15:01:41.562105,WT003,0.35025131302420864,0.3457748516463025,0.7288875123892171,0.08695652173913043,0.0,0.9999999999999999,mock,1,15,1,10
2025-10-21 16:01:41.562105,WT002,0.28510849046345343,0.10701316649318582,0.8703147951620305,0.13043478260869565,0.0,0.9999999999999999,mock,1,16,1,10
2025-10-21 17:01:41.562105,WT003,0.38270051338978606,0.34320724603731434,0.47663111158300353,0.13043478260869565,0.0,0.9999999999999999,mock,0,17,1,10
2025-10-21 18:01:41.562105,WT003,0.5107727496155476,0.2055010057621275,0.7961992090350738,0.17391304347826086,0.15385365013800834,0.9999999999999999,mock,1,18,1,10
2025-10-21 19:01:41.562105,WT002,0.20702007158936236,0.17391230302996052,0.773554605762083,0.17391304347826086,0.0,0.9999999999999999,mock,1,19,1,10
2025-10-21 20:01:41.562105,WT003,0.2367739413271061,0.2053873471670114,0.6558691763411413,0.17391304347826086,0.0,0.9999999999999999,mock,0,20,1,10
2025-10-21 21:01:41.562105,WT002,0.43407999887527515,0.2246676415946921,0.7331140088786636,0.17391304347826086,0.23649397716119602,0.9999999999999999,mock,1,21,1,10
2025-10-21 22:01:41.562105,WT004,0.44996930502716814,0.18601592162445224,0.8440846176982291,0.17391304347826086,0.041870895566270105,0.9999999999999999,mock,1,22,1,10
2025-10-21 23:01:41.562105,WT001,0.6306062842098814,0.24188437111201633,0.8188401071513591,0.13043478260869565,0.3564009440127758,0.9999999999999999,mock,1,23,1,10
2025-10-22 00:01:41.562105,WT001,0.5676885998247961,0.1908502053286234,0.49508130933731254,0.13043478260869565,0.320757231069684,0.9999999999999999,mock,0,0,2,10
2025-10-22 01:01:41.562105,WT004,0.537424601118128,0.22050504856320224,0.8104611762186531,0.08695652173913043,0.17177142882223606,0.9999999999999999,mock,1,1,2,10
2025-10-22 02:01:41.562105,WT002,0.6961054940072053,0.37188619090724795,0.6683126116742311,0.08695652173913043,0.28474804773745865,0.9999999999999999,mock,0,2,2,10
2025-10-22 03:01:41.562105,WT002,0.801948905537233,0.6329330583918814,0.6904117377089372,0.043478260869565216,0.5673593386040379,0.9999999999999999,mock,1,3,2,10
2025-10-22 04:01:41.562105,WT002,0.8130946013494965,0.5440048160191382,0.6904636097108621,0.043478260869565216,0.7173957523046497,0.9999999999999999,mock,1,4,2,10
2025-10-22 05:01:41.562105,WT002,0.8066103249689943,0.465729911464025,0.6545685003143329,0.043478260869565216,0.5824996130975599,0.9999999999999999,mock,0,5,2,10
2025-10-22 06:01:41.562105,WT004,0.8724764736422242,0.5046486457166205,0.8701497026552176,0.043478260869565216,0.6304526030256248,0.9999999999999999,mock,1,6,2,10
2025-10-22 07:01:41.562105,WT001,0.8742580929585456,0.44704863173069054,0.66525559039495,0.043478260869565216,0.7958718709588715,0.9999999999999999,mock,0,7,2,10
2025-10-22 08:01:41.562105,WT003,0.8704887782931477,0.3450846294745661,0.49885222131650186,0.043478260869565216,0.6749811748546859,0.9999999999999999,mock,0,8,2,10
2025-10-22 09:01:41.562105,WT003,0.7549450788773214,0.5624754623334146,0.6154850349484788,0.08695652173913043,0.492231906673551,0.9999999999999999,mock,1,9,2,10
2025-10-22 10:01:41.562105,WT001,0.618673505049103,0.34772316881946386,0.7074115722571421,0.08695652173913043,0.35675974762524465,0.9999999999999999,mock,1,10,2,10
2025-10-22 11:01:41.562105,WT004,0.5891301097015444,0.29934453658806515,0.8761751604898311,0.08695652173913043,0.3713442902735651,0.9999999999999999,mock,1,11,2,10
2025-10-22 12:01:41.562105,WT003,0.6313061658180715,0.2267605375986756,0.7755904330762706,0.043478260869565216,0.5800809350538996,0.9999999999999999,mock,1,12,2,10
2025-10-22 13:01:41.562105,WT001,0.35842556606316367,0.17859934818384132,0.54206818421261,0.0,0.044558618418090834,0.9999999999999999,mock,0,13,2,10
2025-10-22 14:01:41.562105,WT004,0.41796353342829196,0.2053371014999409,1.0,0.0,0.16079801363248358,0.9999999999999999,mock,1,14,2,10
2025-10-22 15:01:41.562105,WT003,0.2871910583239624,0.3287346056454229,0.721240218085553,0.0,0.0,0.9999999999999999,mock,1,15,2,10
2025-10-22 16:01:41.562105,WT002,0.28972389208133276,0.1764991433720246,0.8835932192951761,0.0,0.0,0.9999999999999999,mock,1,16,2,10
2025-10-22 17:01:41.562105,WT002,0.39190302720368286,0.17746071220989823,0.6543321161571232,0.0,0.022437339261568656,0.9999999999999999,mock,0,17,2,10
2025-10-22 18:01:41.562105,WT004,0.2720888112672827,0.5465244518371362,0.7643875979408907,1.0,0.0,0.9999999999999999,mock,1,18,2,10
2025-10-22 19:01:41.562105,WT002,0.2660112265879163,0.08162397514563824,0.8135633335371528,1.0,0.0,0.9999999999999999,mock,1,19,2,10
2025-10-22 20:01:41.562105,WT004,0.147831600943789,0.08944907157847842,0.8744048116478944,1.0,0.0,0.9999999999999999,mock,1,20,2,10
2025-10-22 21:01:41.562105,WT001,0.40363874756634355,0.12685268604170485,0.8485684261635833,1.0,0.07029352088501484,0.9999999999999999,mock,1,21,2,10
2025-10-22 22:01:41.562105,WT001,0.44624907398213287,0.3091457970400935,0.8188210896887913,1.0,0.12803134869010657,0.9999999999999999,mock,1,22,2,10
2025-10-22 23:01:41.562105,WT003,0.6629522472777214,0.5417537465033417,0.6280867392081522,0.9565217391304348,0.45308432216865824,0.9999999999999999,mock,1,23,2,10
2025-10-23 00:01:41.562105,WT004,0.476570798322817,0.19204974389782892,0.5868550221014543,0.9565217391304348,0.1652829164523899,0.9999999999999999,mock,0,0,3,10
2025-10-23 01:01:41.562105,WT003,0.5965319488573693,0.44591034883434966,0.7321373020287201,0.9565217391304348,0.264569999713268,0.9999999999999999,mock,1,1,3,10
2025-10-23 02:01:41.562105,WT003,0.6612331684055911,0.267563491395409,0.8286095237312088,0.9565217391304348,0.35703968303331135,0.9999999999999999,mock,1,2,3,10
2025-10-23 03:01:41.562105,WT001,0.8498474527190344,0.6051542754177789,0.6429251256478916,1.0,0.5654940235502397,0.9999999999999999,mock,1,3,3,10
2025-10-23 04:01:41.562105,WT003,0.7195171076490392,0.4247377720460923,0.8498220659182532,0.9565217391304348,0.6521554431000469,0.9999999999999999,mock,1,4,3,10
2025-10-23 05:01:41.562105,WT002,0.7832866547557463,0.47949513630138085,0.9120641622855814,0.9565217391304348,0.5811341238870424,0.9999999999999999,mock,1,5,3,10
2025-10-23 06:01:41.562105,WT003,0.825596852528815,0.29131713367976386,0.5314998751823721,0.9130434782608696,0.6201172403772237,0.9999999999999999,mock,0,6,3,10
2025-10-23 07:01:41.562105,WT004,0.7738436197318791,0.6859717490597255,0.5442553337893439,0.9130434782608696,0.48095434805830095,0.9999999999999999,mock,1,7,3,10
2025-10-23 08:01:41.562105,WT002,0.6836365427649636,0.3971436313394662,0.6561537601382055,0.9130434782608696,0.7062898970798541,0.9999999999999999,mock,0,8,3,10
2025-10-23 09:01:41.562105,WT001,0.7084903664503586,0.2886005220318858,0.728121939184577,0.9130434782608696,0.3736302694817697,0.9999999999999999,mock,1,9,3,10
2025-10-23 10:01:41.562105,WT004,0.7454578302132974,0.48148132149614453,0.5944342224736641,0.9130434782608696,0.48605265747797555,0.9999999999999999,mock,0,10,3,10
2025-10-23 11:01:41.562105,WT002,0.46924530970751377,0.1894016861661375,0.8959328776807958,0.9130434782608696,0.1662174402022354,0.9999999999999999,mock,1,11,3,10
2025-10-23 12:01:41.562105,WT004,0.5216080208665451,0.4297589691050606,0.7468300325749393,0.9130434782608696,0.2585098205659617,0.9999999999999999,mock,1,12,3,10
2025-10-23 13:01:41.562105,WT002,0.3703621324305335,0.12333856921794101,0.6850417604580308,0.9130434782608696,0.07374585044241133,0.9999999999999999,mock,1,13,3,10
2025-10-23 14:01:41.562105,WT004,0.5024053614006284,0.3149157301989568,0.4480291828424954,0.8695652173913043,0.34183674674467235,0.9999999999999999,mock,0,14,3,10
2025-10-23 15:01:41.562105,WT004,0.17173907561464624,0.12798080470962891,0.46732195565016177,0.8260869565217391,0.0,0.9999999999999999,mock,0,15,3,10
2025-10-23 16:01:41.562105,WT002,0.22967397678696433,0.06518311492037532,0.7238481624103295,0.8260869565217391,0.0,0.9999999999999999,mock,1,16,3,10
2025-10-23 17:01:41.562105,WT001,0.29981105116421625,0.11529139254850923,0.33610819234205813,0.8695652173913043,0.0,0.9999999999999999,mock,0,17,3,10
2025-10-23 18:01:41.562105,WT001,0.4125325469489476,0.1265229479768598,0.841382512536041,0.8260869565217391,0.07468398261959053,0.9999999999999999,mock,1,18,3,10
2025-10-23 19:01:41.562105,WT004,0.2545475708577233,0.1424191029201468,0.6532976398957757,0.8260869565217391,0.009127664169114036,0.9999999999999999,mock,0,19,3,10
2025-10-23 20:01:41.562105,WT004,0.23005433702647277,0.09792737617470976,1.0,0.8260869565217391,0.0,0.9999999999999999,mock,1,20,3,10
2025-10-23 21:01:41.562105,WT001,0.5196073105330304,0.28317161053553674,1.0,0.8260869565217391,0.310987724471399,0.9999999999999999,mock,1,21,3,10
2025-10-23 22:01:41.562105,WT001,0.2323278345450125,0.09810144226564477,0.6495553165834456,0.8260869565217391,0.0,0.9999999999999999,mock,0,22,3,10
2025-10-23 23:01:41.562105,WT003,0.21722104008432647,0.0925857580300466,0.6616218941681344,0.8260869565217391,0.0,0.9999999999999999,mock,0,23,3,10
2025-10-24 00:01:41.562105,WT001,0.5529829715308138,0.3531555707404773,0.8386425228507797,0.8260869565217391,0.23912491927414647,0.9999999999999999,mock,1,0,4,10
2025-10-24 01:01:41.562105,WT004,0.5228366476702259,0.17501174564963318,0.9523153750353122,0.8695652173913043,0.12769947288455774,0.9999999999999999,mock,1,1,4,10
2025-10-24 02:01:41.562105,WT002,0.5313969583303149,0.4679354339749582,0.41555915319481973,0.8695652173913043,0.2864413489636193,0.9999999999999999,mock,0,2,4,10
2025-10-24 03:01:41.562105,WT001,0.7610399810382872,0.5059258769896863,0.39172765023107026,0.8695652173913043,0.6080276049639881,0.9999999999999999,mock,1,3,4,10
2025-10-24 04:01:41.562105,WT003,0.7541671939833269,0.40041962021464694,0.5787762500196001,0.8695652173913043,0.6273275189937422,0.9999999999999999,mock,0,4,4,10
2025-10-24 05:01:41.562105,WT003,0.6971356178675456,0.3520757081919226,0.7723201123580936,0.8260869565217391,0.4547066806807263,0.9999999999999999,mock,1,5,4,10
2025-10-24 06:01:41.562105,WT003,0.632653624069746,0.49502343944685057,0.7585262630535157,0.8260869565217391,0.3080184767051608,0.9999999999999999,mock,1,6,4,10
2025-10-24 07:01:41.562105,WT002,0.8439260809475416,0.3222912342954195,0.8505609630961146,0.8260869565217391,0.5239046677766555,0.9999999999999999,mock,1,7,4,10
2025-10-24 08:01:41.562105,WT001,0.7956946698251636,0.2875689320114483,0.48597608664615466,0.8260869565217391,0.673052726330452,0.9999999999999999,mock,0,8,4,10
2025-10-24 09:01:41.562105,WT001,0.6785233958102841,0.26532092287848286,0.30662159801870215,0.8260869565217391,0.46810215845823855,0.9999999999999999,mock,0,9,4,10
2025-10-24 10:01:41.562105,WT001,0.8244463145174724,0.48930083280743075,0.8165426553224147,0.8260869565217391,0.5503706482419071,0.9999999999999999,mock,1,10,4,10
2025-10-24 11:01:41.562105,WT002,0.4647932232947296,0.15017373390540073,0.5456568931673171,0.782608695652174,0.07210124679407182,0.9999999999999999,mock,0,11,4,10
2025-10-24 12:01:41.562105,WT002,0.3521369924556309,0.21183281082945515,0.35443933699780783,0.782608695652174,0.0,0.9999999999999999,mock,0,12,4,10
2025-10-24 13:01:41.562105,WT004,0.37120134055661236,0.792165905810117,0.7020088355629652,0.782608695652174,0.0,0.9999999999999999,mock,1,13,4,10
2025-10-24 14:01:41.562105,WT003,0.3756330106148571,0.3558204865130764,0.8061265010292016,0.782608695652174,0.0,0.9999999999999999,mock,1,14,4,10
2025-10-24 15:01:41.562105,WT003,0.3522491560861224,0.1944725915990556,0.6590964921704057,0.782608695652174,0.0,0.9999999999999999,mock,0,15,4,10
2025-10-24 16:01:41.562105,WT001,0.262136264869272,0.07354153854120637,0.6051524137216147,0.7391304347826088,0.0,0.9999999999999999,mock,0,16,4,10
2025-10-24 17:01:41.562105,WT002,0.29724047079505056,0.3049254280615393,0.653103515230328,0.7391304347826088,0.0,0.9999999999999999,mock,0,17,4,10
2025-10-24 18:01:41.562105,WT002,0.12467476917570114,0.1264973703081798,0.6191714317818793,0.7391304347826088,0.0,0.9999999999999999,mock,0,18,4,10
2025-10-24 19:01:41.562105,WT001,0.4087952836908919,0.1389412410387189,0.46214407352067655,0.7391304347826088,0.22689144110430637,0.9999999999999999,mock,0,19,4,10
2025-10-24 20:01:41.562105,WT001,0.27839213579191313,0.08415907937101225,0.5638929077756956,0.7391304347826088,0.0,0.9999999999999999,mock,0,20,4,10
2025-10-24 21:01:41.562105,WT004,0.4415531942198134,0.44136146953315847,0.7624470803125898,0.7391304347826088,0.01656273820209886,0.9999999999999999,mock,1,21,4,10
2025-10-24 22:01:41.562105,WT003,0.4153120763542488,0.26635751148453746,0.7303815887659453,0.6956521739130435,0.07542939096298651,0.9999999999999999,mock,1,22,4,10
2025-10-24 23:01:41.562105,WT003,0.48857572403874283,0.3793654309179092,0.7057030987400168,0.6956521739130435,0.1941829433407145,0.9999999999999999,mock,1,23,4,10
2025-10-25 00:01:41.562105,WT003,0.5662415870972014,0.45384981359953713,0.5188364118577615,0.6521739130434783,0.37703702002020756,0.9999999999999999,mock,0,0,5,10
2025-10-25 01:01:41.562105,WT004,0.6198868593678295,0.31487411348127936,0.6495466266876648,0.6956521739130435,0.2695414650370527,0.9999999999999999,mock,0,1,5,10
2025-10-25 02:01:41.562105,WT001,0.7014259841677718,0.33211295288461606,0.3289642841324898,0.6956521739130435,0.562467060938048,0.9999999999999999,mock,0,2,5,10
2025-10-25 03:01:41.562105,WT001,0.8244751800706037,0.3599601091652548,0.7073765425654681,0.6956521739130435,0.5888148719322692,0.9999999999999999,mock,1,3,5,10
2025-10-25 04:01:41.562105,WT003,0.7493359984085525,0.30706938491424085,0.9082473285337249,0.6521739130434783,0.4082791105600092,0.9999999999999999,mock,1,4,5,10
2025-10-25 05:01:41.562105,WT003,0.8272238012842298,0.36198359257032975,0.44188881036734706,0.6521739130434783,0.7096699710933647,0.9999999999999999,mock,0,5,5,10
2025-10-25 06:01:41.562105,WT004,0.754310259497538,0.4492654534396795,0.5845767762405076,0.6521739130434783,0.6568218672425064,0.9999999999999999,mock,0,6,5,10
2025-10-25 07:01:41.562105,WT002,0.9019316304685926,0.43616517940791066,0.7315749176946036,0.6086956521739131,0.9884518405299885,0.9999999999999999,mock,1,7,5,10
2025-10-25 08:01:41.562105,WT002,0.6601385286590182,0.5062009726455106,0.8799709192703147,0.5652173913043478,0.2924376390537631,0.9999999999999999,mock,1,8,5,10
2025-10-25 09:01:41.562105,WT003,0.8726841819335119,0.3820268462219716,0.6066984498116779,0.5652173913043478,0.7727686346752605,0.9999999999999999,mock,0,9,5,10
2025-10-25 10:01:41.562105,WT004,0.6316467523321564,0.330462614726842,0.567496290599554,0.6086956521739131,0.3240324202105658,0.9999999999999999,mock,0,10,5,10
2025-10-25 11:01:41.562105,WT003,0.4279365744325554,0.2576165193760762,0.36240179348838875,0.6086956521739131,0.140550499094378,0.9999999999999999,mock,0,11,5,10
2025-10-25 12:01:41.562105,WT002,0.5211108710028145,0.2816827665431394,0.6953217777466634,0.6086956521739131,0.06749806254326163,0.9999999999999999,mock,1,12,5,10
2025-10-25 13:01:41.562105,WT003,0.37231068821652624,0.26279143586392695,1.0,0.6086956521739131,0.0,0.9999999999999999,mock,1,13,5,10
2025-10-25 14:01:41.562105,WT002,0.46619116718275244,0.18063489467296823,0.72326167181834,0.5652173913043478,0.052305005059694265,0.9999999999999999,mock,1,14,5,10
2025-10-25 15:01:41.562105,WT002,0.2606963580060627,0.15572250079614064,0.6751256187317489,0.5217391304347826,0.0,0.9999999999999999,mock,0,15,5,10
2025-10-25 16:01:41.562105,WT002,0.24119399750237258,0.07084323555039268,0.730446453372787,0.5217391304347826,0.0,0.9999999999999999,mock,1,16,5,10
2025-10-25 17:01:41.562105,WT001,0.06818603500261605,0.049721934704788584,0.47571454824265036,0.5217391304347826,0.0,0.7295057487103856,mock,0,17,5,10
2025-10-25 18:01:41.562105,WT001,0.206343311370424,0.12786658065550616,0.5480958299553751,0.5217391304347826,0.0,0.9999999999999999,mock,0,18,5,10
2025-10-25 19:01:41.562105,WT003,0.01358537609842525,0.10044073186861485,0.14470284126975352,0.5652173913043478,0.0,0.10431370956911956,mock,0,19,5,10
2025-10-25 20:01:41.562105,WT002,0.12493769698675095,0.3920320919388409,0.7149727444459435,0.5652173913043478,0.0,0.9999999999999999,mock,1,20,5,10
2025-10-25 21:01:41.562105,WT001,0.4050857792002929,0.23840908576185782,0.6815342122220973,0.6086956521739131,0.07389292478161658,0.9999999999999999,mock,1,21,5,10
2025-10-25 22:01:41.562105,WT003,0.46058707031762014,0.3166532163990188,0.5220144168492671,0.6086956521739131,0.003711224507356614,0.9999999999999999,mock,0,22,5,10
2025-10-25 23:01:41.562105,WT003,0.4853778200748867,0.24339162692019867,0.8881101806426956,0.6521739130434783,0.27650997639144226,0.9999999999999999,mock,1,23,5,10
2025-10-26 00:01:41.562105,WT003,0.40921156126705016,0.2511445029865884,0.7854876236738595,0.6521739130434783,0.0,0.9999999999999999,mock,1,0,6,10
2025-10-26 01:01:41.562105,WT003,0.5692630525249815,0.19652640619545164,0.5898792471247938,0.6521739130434783,0.3555916460920514,0.9999999999999999,mock,0,1,6,10
2025-10-26 02:01:41.562105,WT003,0.6353821170867782,0.25069144392377674,0.8396455007467263,0.6521739130434783,0.5116932666198077,0.9999999999999999,mock,1,2,6,10
2025-10-26 03:01:41.562105,WT004,0.5702916337053103,0.24457703209144221,0.5987710948162359,0.6521739130434783,0.3153741706156845,0.9999999999999999,mock,0,3,6,10
2025-10-26 04:01:41.562105,WT002,0.8828774515134691,0.3928896052443217,0.5530776551509953,0.6521739130434783,0.5857099777469901,0.9999999999999999,mock,0,4,6,10
2025-10-26 05:01:41.562105,WT003,0.8444272878141229,0.30241832801502233,0.5566601581660287,0.6086956521739131,0.5834943486166726,0.9999999999999999,mock,0,5,6,10
2025-10-26 06:01:41.562105,WT004,0.7409008567182988,0.27450408884970656,0.39418666983366957,0.6086956521739131,0.640465650925522,0.9999999999999999,mock,0,6,6,10
2025-10-26 07:01:41.562105,WT002,0.7575225142979306,0.30307957382578976,0.754456863485367,0.6521739130434783,0.5272819649659337,0.9999999999999999,mock,1,7,6,10
2025-10-26 08:01:41.562105,WT001,0.7505480636966514,0.710619078070322,0.38453554889761254,0.6521739130434783,0.5401009867100819,0.9999999999999999,mock,1,8,6,10
2025-10-26 09:01:41.562105,WT003,0.4800256595982436,0.2027997092433662,0.4813580604170018,0.6521739130434783,0.21325039188771,0.9999999999999999,mock,0,9,6,10
2025-10-26 10:01:41.562105,WT004,0.6104927547026991,0.28701288388951773,0.34526633249773386,0.6521739130434783,0.39524464425150674,0.9999999999999999,mock,0,10,6,10
2025-10-26 11:01:41.562105,WT001,0.5044507441868581,0.1891363927607846,0.6648777900062792,0.6956521739130435,0.20428334615526356,0.9999999999999999,mock,0,11,6,10
2025-10-26 12:01:41.562105,WT004,0.4056715251033196,0.24190034683517858,0.6545560547035572,0.6956521739130435,0.017345062279149226,0.9999999999999999,mock,0,12,6,10
2025-10-26 13:01:41.562105,WT002,0.41317917163246776,0.1669838981332254,0.6262217031187194,0.7391304347826088,0.018590785873423332,0.9999999999999999,mock,0,13,6,10
2025-10-26 14:01:41.562105,WT002,0.563985295499449,0.21451473950631278,0.5112170199110353,0.6956521739130435,0.3431705891989598,0.9999999999999999,mock,0,14,6,10
2025-10-26 15:01:41.562105,WT001,0.39286749880767724,0.2093214918455399,0.49038807776067594,0.6956521739130435,0.06896969141861886,0.9999999999999999,mock,0,15,6,10
2025-10-26 16:01:41.562105,WT004,0.22842149743622875,0.05250962949264337,0.7533046154499607,0.6956521739130435,0.0,0.9999999999999999,mock,1,16,6,10
2025-10-26 17:01:41.562105,WT003,0.3197747601315398,0.08907147082677208,0.5902598062702489,0.6956521739130435,0.012364282896464296,0.9999999999999999,mock,0,17,6,10
